[encoder] gates=36  ok=True  {'overlap0': 0.9999999999999993, 'overlap1': 0.9999999999999993, 'rel_phase': (1+2.3551386880256644e-16j)}
[09-08 23:42:15] probe circuit: 203 gates on 9 qubits
[09-08 23:42:15] attempt #1: probing chip 2 (late_measure=False) ...
[09-08 23:42:16] chip 2 late=False: RuntimeError: json parse failed : Quantum computer under maintenance. Please try again later.
[09-08 23:42:16] attempt #1: probing chip 72 (late_measure=False) ...
[09-08 23:42:16] chip 72 late=False: RuntimeError: json parse failed : Quantum computer under maintenance. Please try again later.
[09-08 23:42:16] attempt #1: probing chip 5 (late_measure=False) ...
[09-08 23:42:17] chip 5 late=False: RuntimeError: json parse failed : Quantum computer under maintenance. Please try again later.
[09-08 23:42:17] all chips busy/maintenance; retry in 15 min
[09-08 23:57:17] attempt #2: probing chip 2 (late_measure=False) ...
[09-08 23:57:18] chip 2 late=False: RuntimeError: json parse failed : Quantum computer under maintenance. Please try again later.
[09-08 23:57:18] attempt #2: probing chip 72 (late_measure=False) ...
[09-08 23:57:19] chip 72 late=False: RuntimeError: json parse failed : Quantum computer under maintenance. Please try again later.
[09-08 23:57:19] attempt #2: probing chip 5 (late_measure=False) ...
[09-08 23:57:20] chip 5 late=False: RuntimeError: json parse failed : Quantum computer under maintenance. Please try again later.
[09-08 23:57:20] all chips busy/maintenance; retry in 15 min
[09-09 00:12:20] attempt #3: probing chip 2 (late_measure=False) ...
[09-09 00:12:21] chip 2 late=False: RuntimeError: json parse failed : Quantum computer under maintenance. Please try again later.
[09-09 00:12:21] attempt #3: probing chip 72 (late_measure=False) ...
[09-09 00:12:21] chip 72 late=False: RuntimeError: json parse failed : Quantum computer under maintenance. Please try again later.
[09-09 00:12:21] attempt #3: probing chip 5 (late_measure=False) ...
[09-09 00:12:22] chip 5 late=False: RuntimeError: json parse failed : Quantum computer under maintenance. Please try again later.
[09-09 00:12:22] all chips busy/maintenance; retry in 15 min
[09-09 00:27:22] attempt #4: probing chip 2 (late_measure=False) ...
[09-09 00:27:22] chip 2 late=False: RuntimeError: json parse failed : Quantum computer under maintenance. Please try again later.
[09-09 00:27:22] attempt #4: probing chip 72 (late_measure=False) ...
[09-09 00:27:23] chip 72 late=False: RuntimeError: json parse failed : Quantum computer under maintenance. Please try again later.
[09-09 00:27:23] attempt #4: probing chip 5 (late_measure=False) ...
[09-09 00:27:23] chip 5 late=False: RuntimeError: json parse failed : Quantum computer under maintenance. Please try again later.
[09-09 00:27:23] all chips busy/maintenance; retry in 15 min
[09-09 00:42:23] attempt #5: probing chip 2 (late_measure=False) ...
[09-09 00:42:24] chip 2 late=False: RuntimeError: json parse failed : Quantum computer under maintenance. Please try again later.
[09-09 00:42:24] attempt #5: probing chip 72 (late_measure=False) ...
[09-09 00:42:24] chip 72 late=False: RuntimeError: json parse failed : Quantum computer under maintenance. Please try again later.
[09-09 00:42:24] attempt #5: probing chip 5 (late_measure=False) ...
[09-09 00:42:25] chip 5 late=False: RuntimeError: json parse failed : Quantum computer under maintenance. Please try again later.
[09-09 00:42:25] all chips busy/maintenance; retry in 15 min
[09-09 00:57:25] attempt #6: probing chip 2 (late_measure=False) ...
[09-09 00:57:26] chip 2 late=False: RuntimeError: json parse failed : Quantum computer under maintenance. Please try again later.
[09-09 00:57:26] attempt #6: probing chip 72 (late_measure=False) ...
[09-09 00:57:27] chip 72 late=False: RuntimeError: json parse failed : Quantum computer under maintenance. Please try again later.
[09-09 00:57:27] attempt #6: probing chip 5 (late_measure=False) ...
[09-09 00:57:28] chip 5 late=False: RuntimeError: json parse failed : Quantum computer under maintenance. Please try again later.
[09-09 00:57:28] all chips busy/maintenance; retry in 15 min
[09-09 01:12:28] attempt #7: probing chip 2 (late_measure=False) ...
[09-09 01:12:28] chip 2 late=False: RuntimeError: json parse failed : Quantum computer under maintenance. Please try again later.
[09-09 01:12:28] attempt #7: probing chip 72 (late_measure=False) ...
[09-09 01:12:29] chip 72 late=False: RuntimeError: json parse failed : Quantum computer under maintenance. Please try again later.
[09-09 01:12:29] attempt #7: probing chip 5 (late_measure=False) ...
[09-09 01:12:29] chip 5 late=False: RuntimeError: json parse failed : Quantum computer under maintenance. Please try again later.
[09-09 01:12:29] all chips busy/maintenance; retry in 15 min
[09-09 01:27:29] attempt #8: probing chip 2 (late_measure=False) ...
[09-09 01:27:30] chip 2 late=False: RuntimeError: json parse failed : Quantum computer under maintenance. Please try again later.
[09-09 01:27:30] attempt #8: probing chip 72 (late_measure=False) ...
[09-09 01:27:30] chip 72 late=False: RuntimeError: json parse failed : Quantum computer under maintenance. Please try again later.
[09-09 01:27:30] attempt #8: probing chip 5 (late_measure=False) ...
[09-09 01:27:31] chip 5 late=False: RuntimeError: json parse failed : Quantum computer under maintenance. Please try again later.
[09-09 01:27:31] all chips busy/maintenance; retry in 15 min
[09-09 01:42:31] attempt #9: probing chip 2 (late_measure=False) ...
[09-09 01:42:31] chip 2 late=False: RuntimeError: json parse failed : Quantum computer under maintenance. Please try again later.
[09-09 01:42:31] attempt #9: probing chip 72 (late_measure=False) ...
[09-09 01:42:31] chip 72 late=False: RuntimeError: json parse failed : Quantum computer under maintenance. Please try again later.
[09-09 01:42:31] attempt #9: probing chip 5 (late_measure=False) ...
[09-09 01:42:32] chip 5 late=False: RuntimeError: json parse failed : Quantum computer under maintenance. Please try again later.
[09-09 01:42:32] all chips busy/maintenance; retry in 15 min
[09-09 01:57:32] attempt #10: probing chip 2 (late_measure=False) ...
[09-09 01:57:33] chip 2 late=False: RuntimeError: json parse failed : Quantum computer under maintenance. Please try again later.
[09-09 01:57:33] attempt #10: probing chip 72 (late_measure=False) ...
[09-09 01:57:35] chip 72 late=False: RuntimeError: json parse failed : Quantum computer under maintenance. Please try again later.
[09-09 01:57:35] attempt #10: probing chip 5 (late_measure=False) ...
[09-09 01:57:36] chip 5 late=False: RuntimeError: json parse failed : Quantum computer under maintenance. Please try again later.
[09-09 01:57:36] all chips busy/maintenance; retry in 15 min
[09-09 02:12:36] attempt #11: probing chip 2 (late_measure=False) ...
[09-09 02:12:36] chip 2 late=False: RuntimeError: json parse failed : Quantum computer under maintenance. Please try again later.
[09-09 02:12:36] attempt #11: probing chip 72 (late_measure=False) ...
[09-09 02:12:37] chip 72 late=False: RuntimeError: json parse failed : Quantum computer under maintenance. Please try again later.
[09-09 02:12:37] attempt #11: probing chip 5 (late_measure=False) ...
[09-09 02:12:37] chip 5 late=False: RuntimeError: json parse failed : Quantum computer under maintenance. Please try again later.
[09-09 02:12:37] all chips busy/maintenance; retry in 15 min
[09-09 02:27:37] attempt #12: probing chip 2 (late_measure=False) ...
[09-09 02:27:38] chip 2 late=False: RuntimeError: json parse failed : Quantum computer under maintenance. Please try again later.
[09-09 02:27:38] attempt #12: probing chip 72 (late_measure=False) ...
[09-09 02:27:38] chip 72 late=False: RuntimeError: json parse failed : Quantum computer under maintenance. Please try again later.
[09-09 02:27:38] attempt #12: probing chip 5 (late_measure=False) ...
[09-09 02:27:39] chip 5 late=False: RuntimeError: json parse failed : Quantum computer under maintenance. Please try again later.
[09-09 02:27:39] all chips busy/maintenance; retry in 15 min
[09-09 02:42:39] attempt #13: probing chip 2 (late_measure=False) ...
[09-09 02:42:39] chip 2 late=False: RuntimeError: json parse failed : Quantum computer under maintenance. Please try again later.
[09-09 02:42:39] attempt #13: probing chip 72 (late_measure=False) ...
[09-09 02:42:40] chip 72 late=False: RuntimeError: json parse failed : Quantum computer under maintenance. Please try again later.
[09-09 02:42:40] attempt #13: probing chip 5 (late_measure=False) ...
[09-09 02:42:40] chip 5 late=False: RuntimeError: json parse failed : Quantum computer under maintenance. Please try again later.
[09-09 02:42:40] all chips busy/maintenance; retry in 15 min
[09-09 02:57:40] attempt #14: probing chip 2 (late_measure=False) ...
[09-09 02:57:41] chip 2 late=False: RuntimeError: json parse failed : Quantum computer under maintenance. Please try again later.
[09-09 02:57:41] attempt #14: probing chip 72 (late_measure=False) ...
[09-09 02:57:42] chip 72 late=False: RuntimeError: json parse failed : Quantum computer under maintenance. Please try again later.
[09-09 02:57:42] attempt #14: probing chip 5 (late_measure=False) ...
[09-09 02:57:44] chip 5 late=False: RuntimeError: json parse failed : Quantum computer under maintenance. Please try again later.
[09-09 02:57:44] all chips busy/maintenance; retry in 15 min
[09-09 03:12:44] attempt #15: probing chip 2 (late_measure=False) ...
[09-09 03:12:44] chip 2 late=False: RuntimeError: json parse failed : Quantum computer under maintenance. Please try again later.
[09-09 03:12:44] attempt #15: probing chip 72 (late_measure=False) ...
[09-09 03:12:45] chip 72 late=False: RuntimeError: json parse failed : Quantum computer under maintenance. Please try again later.
[09-09 03:12:45] attempt #15: probing chip 5 (late_measure=False) ...
[09-09 03:12:45] chip 5 late=False: RuntimeError: json parse failed : Quantum computer under maintenance. Please try again later.
[09-09 03:12:45] all chips busy/maintenance; retry in 15 min
[09-09 03:27:45] attempt #16: probing chip 2 (late_measure=False) ...
[09-09 03:27:46] chip 2 late=False: RuntimeError: json parse failed : Quantum computer under maintenance. Please try again later.
[09-09 03:27:46] attempt #16: probing chip 72 (late_measure=False) ...
[09-09 03:27:46] chip 72 late=False: RuntimeError: json parse failed : Quantum computer under maintenance. Please try again later.
[09-09 03:27:46] attempt #16: probing chip 5 (late_measure=False) ...
[09-09 03:27:47] chip 5 late=False: RuntimeError: json parse failed : Quantum computer under maintenance. Please try again later.
[09-09 03:27:47] all chips busy/maintenance; retry in 15 min
[09-09 03:42:47] attempt #17: probing chip 2 (late_measure=False) ...
[09-09 03:42:47] chip 2 late=False: RuntimeError: json parse failed : Quantum computer under maintenance. Please try again later.
[09-09 03:42:47] attempt #17: probing chip 72 (late_measure=False) ...
[09-09 03:42:48] chip 72 late=False: RuntimeError: json parse failed : Quantum computer under maintenance. Please try again later.
[09-09 03:42:48] attempt #17: probing chip 5 (late_measure=False) ...
[09-09 03:42:48] chip 5 late=False: RuntimeError: json parse failed : Quantum computer under maintenance. Please try again later.
[09-09 03:42:48] all chips busy/maintenance; retry in 15 min
[09-09 03:57:48] attempt #18: probing chip 2 (late_measure=False) ...
[09-09 03:57:49] chip 2 late=False: RuntimeError: json parse failed : Quantum computer under maintenance. Please try again later.
[09-09 03:57:49] attempt #18: probing chip 72 (late_measure=False) ...
[09-09 03:57:50] chip 72 late=False: RuntimeError: json parse failed : Quantum computer under maintenance. Please try again later.
[09-09 03:57:50] attempt #18: probing chip 5 (late_measure=False) ...
[09-09 03:57:51] chip 5 late=False: RuntimeError: json parse failed : Quantum computer under maintenance. Please try again later.
[09-09 03:57:51] all chips busy/maintenance; retry in 15 min
[09-09 04:12:51] attempt #19: probing chip 2 (late_measure=False) ...
[09-09 04:12:52] chip 2 late=False: RuntimeError: json parse failed : Quantum computer under maintenance. Please try again later.
[09-09 04:12:52] attempt #19: probing chip 72 (late_measure=False) ...
[09-09 04:12:52] chip 72 late=False: RuntimeError: json parse failed : Quantum computer under maintenance. Please try again later.
[09-09 04:12:52] attempt #19: probing chip 5 (late_measure=False) ...
[09-09 04:12:53] chip 5 late=False: RuntimeError: json parse failed : Quantum computer under maintenance. Please try again later.
[09-09 04:12:53] all chips busy/maintenance; retry in 15 min
[09-09 04:27:53] attempt #20: probing chip 2 (late_measure=False) ...
[09-09 04:27:53] chip 2 late=False: RuntimeError: json parse failed : Quantum computer under maintenance. Please try again later.
[09-09 04:27:53] attempt #20: probing chip 72 (late_measure=False) ...
[09-09 04:27:54] chip 72 late=False: RuntimeError: json parse failed : Quantum computer under maintenance. Please try again later.
[09-09 04:27:54] attempt #20: probing chip 5 (late_measure=False) ...
[09-09 04:27:54] chip 5 late=False: RuntimeError: json parse failed : Quantum computer under maintenance. Please try again later.
[09-09 04:27:54] all chips busy/maintenance; retry in 15 min
[09-09 04:42:54] attempt #21: probing chip 2 (late_measure=False) ...
[09-09 04:42:55] chip 2 late=False: RuntimeError: json parse failed : Quantum computer under maintenance. Please try again later.
[09-09 04:42:55] attempt #21: probing chip 72 (late_measure=False) ...
[09-09 04:42:55] chip 72 late=False: RuntimeError: json parse failed : Quantum computer under maintenance. Please try again later.
[09-09 04:42:55] attempt #21: probing chip 5 (late_measure=False) ...
[09-09 04:42:56] chip 5 late=False: RuntimeError: json parse failed : Quantum computer under maintenance. Please try again later.
[09-09 04:42:56] all chips busy/maintenance; retry in 15 min
[09-09 04:57:56] attempt #22: probing chip 2 (late_measure=False) ...
[09-09 04:57:57] chip 2 late=False: RuntimeError: json parse failed : Quantum computer under maintenance. Please try again later.
[09-09 04:57:57] attempt #22: probing chip 72 (late_measure=False) ...
[09-09 04:57:58] chip 72 late=False: RuntimeError: json parse failed : Quantum computer under maintenance. Please try again later.
[09-09 04:57:58] attempt #22: probing chip 5 (late_measure=False) ...
[09-09 04:57:59] chip 5 late=False: RuntimeError: json parse failed : Quantum computer under maintenance. Please try again later.
[09-09 04:57:59] all chips busy/maintenance; retry in 15 min
[09-09 05:12:59] attempt #23: probing chip 2 (late_measure=False) ...
[09-09 05:13:00] chip 2 late=False: RuntimeError: json parse failed : Quantum computer under maintenance. Please try again later.
[09-09 05:13:00] attempt #23: probing chip 72 (late_measure=False) ...
[09-09 05:13:00] chip 72 late=False: RuntimeError: json parse failed : Quantum computer under maintenance. Please try again later.
[09-09 05:13:00] attempt #23: probing chip 5 (late_measure=False) ...
[09-09 05:13:01] chip 5 late=False: RuntimeError: json parse failed : Quantum computer under maintenance. Please try again later.
[09-09 05:13:01] all chips busy/maintenance; retry in 15 min
[09-09 05:28:01] attempt #24: probing chip 2 (late_measure=False) ...
[09-09 05:28:01] chip 2 late=False: RuntimeError: json parse failed : Quantum computer under maintenance. Please try again later.
[09-09 05:28:01] attempt #24: probing chip 72 (late_measure=False) ...
[09-09 05:28:02] chip 72 late=False: RuntimeError: json parse failed : Quantum computer under maintenance. Please try again later.
[09-09 05:28:02] attempt #24: probing chip 5 (late_measure=False) ...
[09-09 05:28:02] chip 5 late=False: RuntimeError: json parse failed : Quantum computer under maintenance. Please try again later.
[09-09 05:28:02] all chips busy/maintenance; retry in 15 min
[09-09 05:43:02] attempt #25: probing chip 2 (late_measure=False) ...
[09-09 05:43:03] chip 2 late=False: RuntimeError: json parse failed : Quantum computer under maintenance. Please try again later.
[09-09 05:43:03] attempt #25: probing chip 72 (late_measure=False) ...
[09-09 05:43:03] chip 72 late=False: RuntimeError: json parse failed : Quantum computer under maintenance. Please try again later.
[09-09 05:43:03] attempt #25: probing chip 5 (late_measure=False) ...
[09-09 05:43:04] chip 5 late=False: RuntimeError: json parse failed : Quantum computer under maintenance. Please try again later.
[09-09 05:43:04] all chips busy/maintenance; retry in 15 min
[09-09 05:58:04] attempt #26: probing chip 2 (late_measure=False) ...
[09-09 05:58:05] chip 2 late=False: RuntimeError: json parse failed : Quantum computer under maintenance. Please try again later.
[09-09 05:58:05] attempt #26: probing chip 72 (late_measure=False) ...
[09-09 05:58:06] chip 72 late=False: RuntimeError: json parse failed : Quantum computer under maintenance. Please try again later.
[09-09 05:58:06] attempt #26: probing chip 5 (late_measure=False) ...
[09-09 05:58:07] chip 5 late=False: RuntimeError: json parse failed : Quantum computer under maintenance. Please try again later.
[09-09 05:58:07] all chips busy/maintenance; retry in 15 min
[09-09 06:13:07] attempt #27: probing chip 2 (late_measure=False) ...
[09-09 06:13:08] chip 2 late=False: RuntimeError: json parse failed : Quantum computer under maintenance. Please try again later.
[09-09 06:13:08] attempt #27: probing chip 72 (late_measure=False) ...
[09-09 06:13:08] chip 72 late=False: RuntimeError: json parse failed : Quantum computer under maintenance. Please try again later.
[09-09 06:13:08] attempt #27: probing chip 5 (late_measure=False) ...
[09-09 06:13:09] chip 5 late=False: RuntimeError: json parse failed : Quantum computer under maintenance. Please try again later.
[09-09 06:13:09] all chips busy/maintenance; retry in 15 min
[09-09 06:28:09] attempt #28: probing chip 2 (late_measure=False) ...
[09-09 06:28:09] chip 2 late=False: RuntimeError: json parse failed : Quantum computer under maintenance. Please try again later.
[09-09 06:28:09] attempt #28: probing chip 72 (late_measure=False) ...
[09-09 06:28:10] chip 72 late=False: RuntimeError: json parse failed : Quantum computer under maintenance. Please try again later.
[09-09 06:28:10] attempt #28: probing chip 5 (late_measure=False) ...
[09-09 06:28:10] chip 5 late=False: RuntimeError: json parse failed : Quantum computer under maintenance. Please try again later.
[09-09 06:28:10] all chips busy/maintenance; retry in 15 min
[09-09 06:43:10] attempt #29: probing chip 2 (late_measure=False) ...
[09-09 06:43:11] chip 2 late=False: RuntimeError: json parse failed : Quantum computer under maintenance. Please try again later.
[09-09 06:43:11] attempt #29: probing chip 72 (late_measure=False) ...
[09-09 06:43:11] chip 72 late=False: RuntimeError: json parse failed : Quantum computer under maintenance. Please try again later.
[09-09 06:43:11] attempt #29: probing chip 5 (late_measure=False) ...
[09-09 06:43:11] chip 5 late=False: RuntimeError: json parse failed : Quantum computer under maintenance. Please try again later.
[09-09 06:43:11] all chips busy/maintenance; retry in 15 min
[09-09 06:58:11] attempt #30: probing chip 2 (late_measure=False) ...
[09-09 06:58:12] chip 2 late=False: RuntimeError: json parse failed : Quantum computer under maintenance. Please try again later.
[09-09 06:58:12] attempt #30: probing chip 72 (late_measure=False) ...
[09-09 06:58:13] chip 72 late=False: RuntimeError: json parse failed : Quantum computer under maintenance. Please try again later.
[09-09 06:58:13] attempt #30: probing chip 5 (late_measure=False) ...
[09-09 06:58:14] chip 5 late=False: RuntimeError: json parse failed : Quantum computer under maintenance. Please try again later.
[09-09 06:58:14] all chips busy/maintenance; retry in 15 min
[09-09 07:13:14] attempt #31: probing chip 2 (late_measure=False) ...
[09-09 07:13:15] chip 2 late=False: RuntimeError: json parse failed : Quantum computer under maintenance. Please try again later.
[09-09 07:13:15] attempt #31: probing chip 72 (late_measure=False) ...
[09-09 07:13:16] chip 72 late=False: RuntimeError: json parse failed : Quantum computer under maintenance. Please try again later.
[09-09 07:13:16] attempt #31: probing chip 5 (late_measure=False) ...
[09-09 07:13:16] chip 5 late=False: RuntimeError: json parse failed : Quantum computer under maintenance. Please try again later.
[09-09 07:13:16] all chips busy/maintenance; retry in 15 min
[09-09 07:28:16] attempt #32: probing chip 2 (late_measure=False) ...
[09-09 07:28:17] chip 2 late=False: RuntimeError: json parse failed : Quantum computer under maintenance. Please try again later.
[09-09 07:28:17] attempt #32: probing chip 72 (late_measure=False) ...
[09-09 07:28:17] chip 72 late=False: RuntimeError: json parse failed : Quantum computer under maintenance. Please try again later.
[09-09 07:28:17] attempt #32: probing chip 5 (late_measure=False) ...
[09-09 07:28:18] chip 5 late=False: RuntimeError: json parse failed : Quantum computer under maintenance. Please try again later.
[09-09 07:28:18] all chips busy/maintenance; retry in 15 min
[09-09 07:43:18] attempt #33: probing chip 2 (late_measure=False) ...
[09-09 07:43:18] chip 2 late=False: RuntimeError: json parse failed : Quantum computer under maintenance. Please try again later.
[09-09 07:43:18] attempt #33: probing chip 72 (late_measure=False) ...
[09-09 07:43:19] chip 72 late=False: RuntimeError: json parse failed : Quantum computer under maintenance. Please try again later.
[09-09 07:43:19] attempt #33: probing chip 5 (late_measure=False) ...
[09-09 07:43:19] chip 5 late=False: RuntimeError: json parse failed : Quantum computer under maintenance. Please try again later.
[09-09 07:43:19] all chips busy/maintenance; retry in 15 min
[09-09 07:58:19] attempt #34: probing chip 2 (late_measure=False) ...
[09-09 07:58:20] chip 2 late=False: RuntimeError: json parse failed : Quantum computer under maintenance. Please try again later.
[09-09 07:58:20] attempt #34: probing chip 72 (late_measure=False) ...
[09-09 07:58:21] chip 72 late=False: RuntimeError: json parse failed : Quantum computer under maintenance. Please try again later.
[09-09 07:58:21] attempt #34: probing chip 5 (late_measure=False) ...
[09-09 07:58:23] chip 5 late=False: RuntimeError: json parse failed : Quantum computer under maintenance. Please try again later.
[09-09 07:58:23] all chips busy/maintenance; retry in 15 min
[09-09 08:13:23] attempt #35: probing chip 2 (late_measure=False) ...
[09-09 08:13:23] chip 2 late=False: RuntimeError: json parse failed : Quantum computer under maintenance. Please try again later.
[09-09 08:13:23] attempt #35: probing chip 72 (late_measure=False) ...
[09-09 08:13:24] chip 72 late=False: RuntimeError: json parse failed : Quantum computer under maintenance. Please try again later.
[09-09 08:13:24] attempt #35: probing chip 5 (late_measure=False) ...
[09-09 08:13:25] chip 5 late=False: RuntimeError: json parse failed : Quantum computer under maintenance. Please try again later.
[09-09 08:13:25] all chips busy/maintenance; retry in 15 min
[09-09 08:28:25] attempt #36: probing chip 2 (late_measure=False) ...
[09-09 08:28:25] chip 2 late=False: RuntimeError: json parse failed : Quantum computer under maintenance. Please try again later.
[09-09 08:28:25] attempt #36: probing chip 72 (late_measure=False) ...
[09-09 08:28:26] chip 72 late=False: RuntimeError: json parse failed : Quantum computer under maintenance. Please try again later.
[09-09 08:28:26] attempt #36: probing chip 5 (late_measure=False) ...
[09-09 08:28:26] chip 5 late=False: RuntimeError: json parse failed : Quantum computer under maintenance. Please try again later.
[09-09 08:28:26] all chips busy/maintenance; retry in 15 min
[09-09 08:43:26] attempt #37: probing chip 2 (late_measure=False) ...
[09-09 08:43:27] chip 2 late=False: RuntimeError: json parse failed : Quantum computer under maintenance. Please try again later.
[09-09 08:43:27] attempt #37: probing chip 72 (late_measure=False) ...
[09-09 08:43:27] chip 72 late=False: RuntimeError: json parse failed : Quantum computer under maintenance. Please try again later.
[09-09 08:43:27] attempt #37: probing chip 5 (late_measure=False) ...
[09-09 08:43:28] chip 5 late=False: RuntimeError: json parse failed : Quantum computer under maintenance. Please try again later.
[09-09 08:43:28] all chips busy/maintenance; retry in 15 min
[09-09 08:58:28] attempt #38: probing chip 2 (late_measure=False) ...
[09-09 08:58:29] chip 2 late=False: RuntimeError: json parse failed : Quantum computer under maintenance. Please try again later.
[09-09 08:58:29] attempt #38: probing chip 72 (late_measure=False) ...
[09-09 08:58:31] chip 72 late=False: RuntimeError: json parse failed : Quantum computer under maintenance. Please try again later.
[09-09 08:58:31] attempt #38: probing chip 5 (late_measure=False) ...
[09-09 08:58:32] chip 5 late=False: RuntimeError: json parse failed : Quantum computer under maintenance. Please try again later.
[09-09 08:58:32] all chips busy/maintenance; retry in 15 min
[09-09 09:13:32] attempt #39: probing chip 2 (late_measure=False) ...
[09-09 09:13:32] chip 2 late=False: RuntimeError: json parse failed : Quantum computer under maintenance. Please try again later.
[09-09 09:13:32] attempt #39: probing chip 72 (late_measure=False) ...
[09-09 09:13:33] chip 72 late=False: RuntimeError: json parse failed : Quantum computer under maintenance. Please try again later.
[09-09 09:13:33] attempt #39: probing chip 5 (late_measure=False) ...
[09-09 09:13:33] chip 5 late=False: RuntimeError: json parse failed : Quantum computer under maintenance. Please try again later.
[09-09 09:13:33] all chips busy/maintenance; retry in 15 min
[09-09 09:28:33] attempt #40: probing chip 2 (late_measure=False) ...
[09-09 09:28:34] chip 2 late=False: RuntimeError: json parse failed : Quantum computer under maintenance. Please try again later.
[09-09 09:28:34] attempt #40: probing chip 72 (late_measure=False) ...
[09-09 09:28:35] chip 72 late=False: RuntimeError: json parse failed : Quantum computer under maintenance. Please try again later.
[09-09 09:28:35] attempt #40: probing chip 5 (late_measure=False) ...
[09-09 09:28:35] chip 5 late=False: RuntimeError: json parse failed : Quantum computer under maintenance. Please try again later.
[09-09 09:28:35] all chips busy/maintenance; retry in 15 min
[09-09 09:43:35] attempt #41: probing chip 2 (late_measure=False) ...
[09-09 09:43:36] chip 2 late=False: RuntimeError: json parse failed : Quantum computer under maintenance. Please try again later.
[09-09 09:43:36] attempt #41: probing chip 72 (late_measure=False) ...
[09-09 09:43:36] chip 72 late=False: RuntimeError: json parse failed : Quantum computer under maintenance. Please try again later.
[09-09 09:43:36] attempt #41: probing chip 5 (late_measure=False) ...
[09-09 09:43:37] chip 5 late=False: RuntimeError: json parse failed : Quantum computer under maintenance. Please try again later.
[09-09 09:43:37] all chips busy/maintenance; retry in 15 min
[09-09 09:58:37] attempt #42: probing chip 2 (late_measure=False) ...
[09-09 09:58:38] chip 2 late=False: RuntimeError: json parse failed : Quantum computer under maintenance. Please try again later.
[09-09 09:58:38] attempt #42: probing chip 72 (late_measure=False) ...
[09-09 09:58:40] chip 72 late=False: RuntimeError: json parse failed : Quantum computer under maintenance. Please try again later.
[09-09 09:58:40] attempt #42: probing chip 5 (late_measure=False) ...
[09-09 09:58:42] chip 5 late=False: RuntimeError: json parse failed : Quantum computer under maintenance. Please try again later.
[09-09 09:58:42] all chips busy/maintenance; retry in 15 min
[09-09 10:13:42] attempt #43: probing chip 2 (late_measure=False) ...
[09-09 10:13:42] chip 2 late=False: RuntimeError: json parse failed : Quantum computer under maintenance. Please try again later.
[09-09 10:13:42] attempt #43: probing chip 72 (late_measure=False) ...
[09-09 10:13:43] chip 72 late=False: RuntimeError: json parse failed : Quantum computer under maintenance. Please try again later.
[09-09 10:13:43] attempt #43: probing chip 5 (late_measure=False) ...
[09-09 10:13:43] chip 5 late=False: RuntimeError: json parse failed : Quantum computer under maintenance. Please try again later.
[09-09 10:13:43] all chips busy/maintenance; retry in 15 min
[09-09 10:28:43] attempt #44: probing chip 2 (late_measure=False) ...
[09-09 10:28:44] chip 2 late=False: RuntimeError: json parse failed : Quantum computer under maintenance. Please try again later.
[09-09 10:28:44] attempt #44: probing chip 72 (late_measure=False) ...
[09-09 10:28:44] chip 72 late=False: RuntimeError: json parse failed : Quantum computer under maintenance. Please try again later.
[09-09 10:28:44] attempt #44: probing chip 5 (late_measure=False) ...
[09-09 10:28:44] chip 5 late=False: RuntimeError: json parse failed : Quantum computer under maintenance. Please try again later.
[09-09 10:28:44] all chips busy/maintenance; retry in 15 min
[09-09 10:43:44] attempt #45: probing chip 2 (late_measure=False) ...
[09-09 10:43:50] chip 2 late=False: RuntimeError: json parse failed : Quantum computer under maintenance. Please try again later.
[09-09 10:43:50] attempt #45: probing chip 72 (late_measure=False) ...
[09-09 10:43:51] chip 72 late=False: RuntimeError: json parse failed : Quantum computer under maintenance. Please try again later.
[09-09 10:43:51] attempt #45: probing chip 5 (late_measure=False) ...
[09-09 10:43:51] chip 5 late=False: RuntimeError: json parse failed : Quantum computer under maintenance. Please try again later.
[09-09 10:43:51] all chips busy/maintenance; retry in 15 min
[09-09 10:58:51] attempt #46: probing chip 2 (late_measure=False) ...
[09-09 10:58:52] chip 2 late=False: RuntimeError: json parse failed : Quantum computer under maintenance. Please try again later.
[09-09 10:58:52] attempt #46: probing chip 72 (late_measure=False) ...
[09-09 10:58:53] chip 72 late=False: RuntimeError: json parse failed : Quantum computer under maintenance. Please try again later.
[09-09 10:58:53] attempt #46: probing chip 5 (late_measure=False) ...
[09-09 10:58:54] chip 5 late=False: RuntimeError: json parse failed : Quantum computer under maintenance. Please try again later.
[09-09 10:58:54] all chips busy/maintenance; retry in 15 min
[09-09 11:13:54] attempt #47: probing chip 2 (late_measure=False) ...
[09-09 11:13:55] chip 2 late=False: RuntimeError: json parse failed : Quantum computer under maintenance. Please try again later.
[09-09 11:13:55] attempt #47: probing chip 72 (late_measure=False) ...
[09-09 11:13:55] chip 72 late=False: RuntimeError: json parse failed : Quantum computer under maintenance. Please try again later.
[09-09 11:13:55] attempt #47: probing chip 5 (late_measure=False) ...
[09-09 11:13:56] chip 5 late=False: RuntimeError: json parse failed : Quantum computer under maintenance. Please try again later.
[09-09 11:13:56] all chips busy/maintenance; retry in 15 min
[09-09 11:28:56] attempt #48: probing chip 2 (late_measure=False) ...
[09-09 11:28:57] chip 2 late=False: RuntimeError: json parse failed : Quantum computer under maintenance. Please try again later.
[09-09 11:28:57] attempt #48: probing chip 72 (late_measure=False) ...
[09-09 11:28:57] chip 72 late=False: RuntimeError: json parse failed : Quantum computer under maintenance. Please try again later.
[09-09 11:28:57] attempt #48: probing chip 5 (late_measure=False) ...
[09-09 11:28:58] chip 5 late=False: RuntimeError: json parse failed : Quantum computer under maintenance. Please try again later.
[09-09 11:28:58] all chips busy/maintenance; retry in 15 min
[09-09 11:43:58] attempt #49: probing chip 2 (late_measure=False) ...
[09-09 11:43:59] chip 2 late=False: RuntimeError: json parse failed : Quantum computer under maintenance. Please try again later.
[09-09 11:43:59] attempt #49: probing chip 72 (late_measure=False) ...
[09-09 11:43:59] chip 72 late=False: RuntimeError: json parse failed : Quantum computer under maintenance. Please try again later.
[09-09 11:43:59] attempt #49: probing chip 5 (late_measure=False) ...
[09-09 11:44:00] chip 5 late=False: RuntimeError: json parse failed : Quantum computer under maintenance. Please try again later.
[09-09 11:44:00] all chips busy/maintenance; retry in 15 min
[09-09 11:59:00] attempt #50: probing chip 2 (late_measure=False) ...
[09-09 11:59:02] chip 2 late=False: RuntimeError: json parse failed : Quantum computer under maintenance. Please try again later.
[09-09 11:59:02] attempt #50: probing chip 72 (late_measure=False) ...
[09-09 11:59:04] chip 72 late=False: RuntimeError: json parse failed : Quantum computer under maintenance. Please try again later.
[09-09 11:59:04] attempt #50: probing chip 5 (late_measure=False) ...
[09-09 11:59:04] chip 5 late=False: RuntimeError: json parse failed : Quantum computer under maintenance. Please try again later.
[09-09 11:59:04] all chips busy/maintenance; retry in 15 min
[09-09 12:14:04] attempt #51: probing chip 2 (late_measure=False) ...
[09-09 12:14:05] chip 2 late=False: RuntimeError: json parse failed : Quantum computer under maintenance. Please try again later.
[09-09 12:14:05] attempt #51: probing chip 72 (late_measure=False) ...
[09-09 12:14:06] chip 72 late=False: RuntimeError: json parse failed : Quantum computer under maintenance. Please try again later.
[09-09 12:14:06] attempt #51: probing chip 5 (late_measure=False) ...
[09-09 12:14:07] chip 5 late=False: RuntimeError: json parse failed : Quantum computer under maintenance. Please try again later.
[09-09 12:14:07] all chips busy/maintenance; retry in 15 min
[09-09 12:29:07] attempt #52: probing chip 2 (late_measure=False) ...
[09-09 12:29:07] chip 2 late=False: RuntimeError: json parse failed : Quantum computer under maintenance. Please try again later.
[09-09 12:29:07] attempt #52: probing chip 72 (late_measure=False) ...
[09-09 12:29:08] chip 72 late=False: RuntimeError: json parse failed : Quantum computer under maintenance. Please try again later.
[09-09 12:29:08] attempt #52: probing chip 5 (late_measure=False) ...
[09-09 12:29:08] chip 5 late=False: RuntimeError: json parse failed : Quantum computer under maintenance. Please try again later.
[09-09 12:29:08] all chips busy/maintenance; retry in 15 min
[09-09 12:44:08] attempt #53: probing chip 2 (late_measure=False) ...
[09-09 12:44:09] chip 2 late=False: RuntimeError: json parse failed : Quantum computer under maintenance. Please try again later.
[09-09 12:44:09] attempt #53: probing chip 72 (late_measure=False) ...
[09-09 12:44:09] chip 72 late=False: RuntimeError: json parse failed : Quantum computer under maintenance. Please try again later.
[09-09 12:44:09] attempt #53: probing chip 5 (late_measure=False) ...
[09-09 12:44:10] chip 5 late=False: RuntimeError: json parse failed : Quantum computer under maintenance. Please try again later.
[09-09 12:44:10] all chips busy/maintenance; retry in 15 min
[09-09 12:59:10] attempt #54: probing chip 2 (late_measure=False) ...
[09-09 12:59:11] chip 2 late=False: RuntimeError: json parse failed : Quantum computer under maintenance. Please try again later.
[09-09 12:59:11] attempt #54: probing chip 72 (late_measure=False) ...
[09-09 12:59:13] chip 72 late=False: RuntimeError: json parse failed : Quantum computer under maintenance. Please try again later.
[09-09 12:59:13] attempt #54: probing chip 5 (late_measure=False) ...
[09-09 12:59:16] chip 5 late=False: RuntimeError: json parse failed : Quantum computer under maintenance. Please try again later.
[09-09 12:59:16] all chips busy/maintenance; retry in 15 min
[09-09 13:14:16] attempt #55: probing chip 2 (late_measure=False) ...
[09-09 13:14:16] chip 2 late=False: RuntimeError: json parse failed : Quantum computer under maintenance. Please try again later.
[09-09 13:14:16] attempt #55: probing chip 72 (late_measure=False) ...
[09-09 13:14:17] chip 72 late=False: RuntimeError: json parse failed : Quantum computer under maintenance. Please try again later.
[09-09 13:14:17] attempt #55: probing chip 5 (late_measure=False) ...
[09-09 13:14:18] chip 5 late=False: RuntimeError: json parse failed : Quantum computer under maintenance. Please try again later.
[09-09 13:14:18] all chips busy/maintenance; retry in 15 min
[09-09 13:29:18] attempt #56: probing chip 2 (late_measure=False) ...
[09-09 13:29:18] chip 2 late=False: RuntimeError: json parse failed : Quantum computer under maintenance. Please try again later.
[09-09 13:29:18] attempt #56: probing chip 72 (late_measure=False) ...
[09-09 13:29:19] chip 72 late=False: RuntimeError: json parse failed : Quantum computer under maintenance. Please try again later.
[09-09 13:29:19] attempt #56: probing chip 5 (late_measure=False) ...
[09-09 13:29:20] chip 5 late=False: RuntimeError: json parse failed : Quantum computer under maintenance. Please try again later.
[09-09 13:29:20] all chips busy/maintenance; retry in 15 min
[09-09 13:44:20] attempt #57: probing chip 2 (late_measure=False) ...
[09-09 13:44:20] chip 2 late=False: RuntimeError: json parse failed : Quantum computer under maintenance. Please try again later.
[09-09 13:44:20] attempt #57: probing chip 72 (late_measure=False) ...
[09-09 13:44:21] chip 72 late=False: RuntimeError: json parse failed : Quantum computer under maintenance. Please try again later.
[09-09 13:44:21] attempt #57: probing chip 5 (late_measure=False) ...
[09-09 13:44:22] chip 5 late=False: RuntimeError: json parse failed : Quantum computer under maintenance. Please try again later.
[09-09 13:44:22] all chips busy/maintenance; retry in 15 min
[09-09 13:59:22] attempt #58: probing chip 2 (late_measure=False) ...
[09-09 13:59:24] chip 2 late=False: RuntimeError: json parse failed : Quantum computer under maintenance. Please try again later.
[09-09 13:59:24] attempt #58: probing chip 72 (late_measure=False) ...
[09-09 13:59:26] chip 72 late=False: RuntimeError: json parse failed : Quantum computer under maintenance. Please try again later.
[09-09 13:59:26] attempt #58: probing chip 5 (late_measure=False) ...
[09-09 13:59:27] chip 5 late=False: RuntimeError: json parse failed : Quantum computer under maintenance. Please try again later.
[09-09 13:59:27] all chips busy/maintenance; retry in 15 min
[09-09 14:14:27] attempt #59: probing chip 2 (late_measure=False) ...
[09-09 14:14:28] chip 2 late=False: RuntimeError: json parse failed : Quantum computer under maintenance. Please try again later.
[09-09 14:14:28] attempt #59: probing chip 72 (late_measure=False) ...
[09-09 14:14:28] chip 72 late=False: RuntimeError: json parse failed : Quantum computer under maintenance. Please try again later.
[09-09 14:14:28] attempt #59: probing chip 5 (late_measure=False) ...
[09-09 14:14:29] chip 5 late=False: RuntimeError: json parse failed : Quantum computer under maintenance. Please try again later.
[09-09 14:14:29] all chips busy/maintenance; retry in 15 min
[09-09 14:29:29] attempt #60: probing chip 2 (late_measure=False) ...
[09-09 14:29:30] chip 2 late=False: RuntimeError: json parse failed : Quantum computer under maintenance. Please try again later.
[09-09 14:29:30] attempt #60: probing chip 72 (late_measure=False) ...
[09-09 14:29:30] chip 72 late=False: RuntimeError: json parse failed : Quantum computer under maintenance. Please try again later.
[09-09 14:29:30] attempt #60: probing chip 5 (late_measure=False) ...
[09-09 14:29:31] chip 5 late=False: RuntimeError: json parse failed : Quantum computer under maintenance. Please try again later.
[09-09 14:29:31] all chips busy/maintenance; retry in 15 min
[09-09 14:44:31] attempt #61: probing chip 2 (late_measure=False) ...
[09-09 14:44:32] chip 2 late=False: RuntimeError: json parse failed : Quantum computer under maintenance. Please try again later.
[09-09 14:44:32] attempt #61: probing chip 72 (late_measure=False) ...
[09-09 14:44:32] chip 72 late=False: RuntimeError: json parse failed : Quantum computer under maintenance. Please try again later.
[09-09 14:44:32] attempt #61: probing chip 5 (late_measure=False) ...
[09-09 14:44:33] chip 5 late=False: RuntimeError: json parse failed : Quantum computer under maintenance. Please try again later.
[09-09 14:44:33] all chips busy/maintenance; retry in 15 min
[09-09 14:59:33] attempt #62: probing chip 2 (late_measure=False) ...
[09-09 14:59:34] chip 2 late=False: RuntimeError: json parse failed : Quantum computer under maintenance. Please try again later.
[09-09 14:59:34] attempt #62: probing chip 72 (late_measure=False) ...
[09-09 14:59:36] chip 72 late=False: RuntimeError: json parse failed : Quantum computer under maintenance. Please try again later.
[09-09 14:59:36] attempt #62: probing chip 5 (late_measure=False) ...
[09-09 14:59:38] chip 5 late=False: RuntimeError: json parse failed : Quantum computer under maintenance. Please try again later.
[09-09 14:59:38] all chips busy/maintenance; retry in 15 min
[09-09 15:14:38] attempt #63: probing chip 2 (late_measure=False) ...
[09-09 15:14:39] chip 2 late=False: RuntimeError: json parse failed : Quantum computer under maintenance. Please try again later.
[09-09 15:14:39] attempt #63: probing chip 72 (late_measure=False) ...
[09-09 15:14:40] chip 72 late=False: RuntimeError: json parse failed : Quantum computer under maintenance. Please try again later.
[09-09 15:14:40] attempt #63: probing chip 5 (late_measure=False) ...
[09-09 15:14:41] chip 5 late=False: RuntimeError: json parse failed : Quantum computer under maintenance. Please try again later.
[09-09 15:14:41] all chips busy/maintenance; retry in 15 min
[09-09 15:29:41] attempt #64: probing chip 2 (late_measure=False) ...
[09-09 15:29:42] chip 2 late=False: RuntimeError: json parse failed : Quantum computer under maintenance. Please try again later.
[09-09 15:29:42] attempt #64: probing chip 72 (late_measure=False) ...
[09-09 15:29:42] chip 72 late=False: RuntimeError: json parse failed : Quantum computer under maintenance. Please try again later.
[09-09 15:29:42] attempt #64: probing chip 5 (late_measure=False) ...
[09-09 15:29:43] chip 5 late=False: RuntimeError: json parse failed : Quantum computer under maintenance. Please try again later.
[09-09 15:29:43] all chips busy/maintenance; retry in 15 min
[09-09 15:44:43] attempt #65: probing chip 2 (late_measure=False) ...
[09-09 15:44:44] chip 2 late=False: RuntimeError: json parse failed : Quantum computer under maintenance. Please try again later.
[09-09 15:44:44] attempt #65: probing chip 72 (late_measure=False) ...
[09-09 15:44:46] chip 72 late=False: RuntimeError: json parse failed : Quantum computer under maintenance. Please try again later.
[09-09 15:44:46] attempt #65: probing chip 5 (late_measure=False) ...
[09-09 15:44:47] chip 5 late=False: RuntimeError: json parse failed : Quantum computer under maintenance. Please try again later.
[09-09 15:44:47] all chips busy/maintenance; retry in 15 min
[09-09 15:59:47] attempt #66: probing chip 2 (late_measure=False) ...
[09-09 15:59:49] chip 2 late=False: RuntimeError: json parse failed : Quantum computer under maintenance. Please try again later.
[09-09 15:59:49] attempt #66: probing chip 72 (late_measure=False) ...
[09-09 15:59:49] chip 72 late=False: RuntimeError: json parse failed : Quantum computer under maintenance. Please try again later.
[09-09 15:59:49] attempt #66: probing chip 5 (late_measure=False) ...
[09-09 15:59:51] chip 5 late=False: RuntimeError: json parse failed : Quantum computer under maintenance. Please try again later.
[09-09 15:59:51] all chips busy/maintenance; retry in 15 min
[09-09 16:14:51] attempt #67: probing chip 2 (late_measure=False) ...
[09-09 16:14:51] chip 2 late=False: RuntimeError: json parse failed : Quantum computer under maintenance. Please try again later.
[09-09 16:14:51] attempt #67: probing chip 72 (late_measure=False) ...
[09-09 16:14:52] chip 72 late=False: RuntimeError: json parse failed : Quantum computer under maintenance. Please try again later.
[09-09 16:14:52] attempt #67: probing chip 5 (late_measure=False) ...
[09-09 16:14:52] chip 5 late=False: RuntimeError: json parse failed : Quantum computer under maintenance. Please try again later.
[09-09 16:14:52] all chips busy/maintenance; retry in 15 min
[09-09 16:29:52] attempt #68: probing chip 2 (late_measure=False) ...
[09-09 16:29:53] chip 2 late=False: RuntimeError: json parse failed : Quantum computer under maintenance. Please try again later.
[09-09 16:29:53] attempt #68: probing chip 72 (late_measure=False) ...
[09-09 16:29:54] chip 72 late=False: RuntimeError: json parse failed : Quantum computer under maintenance. Please try again later.
[09-09 16:29:54] attempt #68: probing chip 5 (late_measure=False) ...
[09-09 16:29:54] chip 5 late=False: RuntimeError: json parse failed : Quantum computer under maintenance. Please try again later.
[09-09 16:29:54] all chips busy/maintenance; retry in 15 min
[09-09 16:44:54] attempt #69: probing chip 2 (late_measure=False) ...
[09-09 16:44:55] chip 2 late=False: RuntimeError: json parse failed : Quantum computer under maintenance. Please try again later.
[09-09 16:44:55] attempt #69: probing chip 72 (late_measure=False) ...
[09-09 16:44:56] chip 72 late=False: RuntimeError: json parse failed : Quantum computer under maintenance. Please try again later.
[09-09 16:44:56] attempt #69: probing chip 5 (late_measure=False) ...
[09-09 16:44:56] chip 5 late=False: RuntimeError: json parse failed : Quantum computer under maintenance. Please try again later.
[09-09 16:44:56] all chips busy/maintenance; retry in 15 min
[09-09 16:59:56] attempt #70: probing chip 2 (late_measure=False) ...
[09-09 16:59:58] chip 2 late=False: RuntimeError: json parse failed : Quantum computer under maintenance. Please try again later.
[09-09 16:59:58] attempt #70: probing chip 72 (late_measure=False) ...
[09-09 17:00:01] chip 72 late=False: RuntimeError: json parse failed : Quantum computer under maintenance. Please try again later.
[09-09 17:00:01] attempt #70: probing chip 5 (late_measure=False) ...
[09-09 17:00:03] chip 5 late=False: RuntimeError: json parse failed : Quantum computer under maintenance. Please try again later.
[09-09 17:00:03] all chips busy/maintenance; retry in 15 min
[09-09 17:15:03] attempt #71: probing chip 2 (late_measure=False) ...
[09-09 17:15:04] chip 2 late=False: RuntimeError: json parse failed : Quantum computer under maintenance. Please try again later.
[09-09 17:15:04] attempt #71: probing chip 72 (late_measure=False) ...
[09-09 17:15:05] chip 72 late=False: RuntimeError: json parse failed : Quantum computer under maintenance. Please try again later.
[09-09 17:15:05] attempt #71: probing chip 5 (late_measure=False) ...
[09-09 17:15:05] chip 5 late=False: RuntimeError: json parse failed : Quantum computer under maintenance. Please try again later.
[09-09 17:15:05] all chips busy/maintenance; retry in 15 min
[09-09 17:30:05] attempt #72: probing chip 2 (late_measure=False) ...
[09-09 17:30:06] chip 2 late=False: RuntimeError: json parse failed : Quantum computer under maintenance. Please try again later.
[09-09 17:30:06] attempt #72: probing chip 72 (late_measure=False) ...
[09-09 17:30:06] chip 72 late=False: RuntimeError: json parse failed : Quantum computer under maintenance. Please try again later.
[09-09 17:30:06] attempt #72: probing chip 5 (late_measure=False) ...
[09-09 17:30:07] chip 5 late=False: RuntimeError: json parse failed : Quantum computer under maintenance. Please try again later.
[09-09 17:30:07] all chips busy/maintenance; retry in 15 min
[09-09 17:45:07] attempt #73: probing chip 2 (late_measure=False) ...
[09-09 17:45:07] chip 2 late=False: RuntimeError: json parse failed : Quantum computer under maintenance. Please try again later.
[09-09 17:45:07] attempt #73: probing chip 72 (late_measure=False) ...
[09-09 17:45:08] chip 72 late=False: RuntimeError: json parse failed : Quantum computer under maintenance. Please try again later.
[09-09 17:45:08] attempt #73: probing chip 5 (late_measure=False) ...
[09-09 17:45:08] chip 5 late=False: RuntimeError: json parse failed : Quantum computer under maintenance. Please try again later.
[09-09 17:45:08] all chips busy/maintenance; retry in 15 min
[09-09 18:00:08] attempt #74: probing chip 2 (late_measure=False) ...
[09-09 18:00:10] chip 2 late=False: RuntimeError: json parse failed : Quantum computer under maintenance. Please try again later.
[09-09 18:00:10] attempt #74: probing chip 72 (late_measure=False) ...
[09-09 18:00:10] chip 72 late=False: RuntimeError: json parse failed : Quantum computer under maintenance. Please try again later.
[09-09 18:00:10] attempt #74: probing chip 5 (late_measure=False) ...
[09-09 18:00:11] chip 5 late=False: RuntimeError: json parse failed : Quantum computer under maintenance. Please try again later.
[09-09 18:00:11] all chips busy/maintenance; retry in 15 min
[09-09 18:15:11] attempt #75: probing chip 2 (late_measure=False) ...
[09-09 18:15:12] chip 2 late=False: RuntimeError: json parse failed : Quantum computer under maintenance. Please try again later.
[09-09 18:15:12] attempt #75: probing chip 72 (late_measure=False) ...
[09-09 18:15:13] chip 72 late=False: RuntimeError: json parse failed : Quantum computer under maintenance. Please try again later.
[09-09 18:15:13] attempt #75: probing chip 5 (late_measure=False) ...
[09-09 18:15:14] chip 5 late=False: RuntimeError: json parse failed : Quantum computer under maintenance. Please try again later.
[09-09 18:15:14] all chips busy/maintenance; retry in 15 min
[09-09 18:30:14] attempt #76: probing chip 2 (late_measure=False) ...
[09-09 18:30:15] chip 2 late=False: RuntimeError: json parse failed : Quantum computer under maintenance. Please try again later.
[09-09 18:30:15] attempt #76: probing chip 72 (late_measure=False) ...
[09-09 18:30:15] chip 72 late=False: RuntimeError: json parse failed : Quantum computer under maintenance. Please try again later.
[09-09 18:30:15] attempt #76: probing chip 5 (late_measure=False) ...
[09-09 18:30:16] chip 5 late=False: RuntimeError: json parse failed : Quantum computer under maintenance. Please try again later.
[09-09 18:30:16] all chips busy/maintenance; retry in 15 min
[09-09 18:45:16] attempt #77: probing chip 2 (late_measure=False) ...
[09-09 18:45:16] chip 2 late=False: RuntimeError: json parse failed : Quantum computer under maintenance. Please try again later.
[09-09 18:45:16] attempt #77: probing chip 72 (late_measure=False) ...
[09-09 18:45:17] chip 72 late=False: RuntimeError: json parse failed : Quantum computer under maintenance. Please try again later.
[09-09 18:45:17] attempt #77: probing chip 5 (late_measure=False) ...
[09-09 18:45:18] chip 5 late=False: RuntimeError: json parse failed : Quantum computer under maintenance. Please try again later.
[09-09 18:45:18] all chips busy/maintenance; retry in 15 min
[09-09 19:00:18] attempt #78: probing chip 2 (late_measure=False) ...
[09-09 19:00:18] chip 2 late=False: RuntimeError: json parse failed : Quantum computer under maintenance. Please try again later.
[09-09 19:00:18] attempt #78: probing chip 72 (late_measure=False) ...
[09-09 19:00:19] chip 72 late=False: RuntimeError: json parse failed : Quantum computer under maintenance. Please try again later.
[09-09 19:00:19] attempt #78: probing chip 5 (late_measure=False) ...
[09-09 19:00:20] chip 5 late=False: RuntimeError: json parse failed : Quantum computer under maintenance. Please try again later.
[09-09 19:00:20] all chips busy/maintenance; retry in 15 min
[09-09 19:15:20] attempt #79: probing chip 2 (late_measure=False) ...
[09-09 19:15:20] chip 2 late=False: RuntimeError: json parse failed : Quantum computer under maintenance. Please try again later.
[09-09 19:15:20] attempt #79: probing chip 72 (late_measure=False) ...
[09-09 19:15:21] chip 72 late=False: RuntimeError: json parse failed : Quantum computer under maintenance. Please try again later.
[09-09 19:15:21] attempt #79: probing chip 5 (late_measure=False) ...
[09-09 19:15:22] chip 5 late=False: RuntimeError: json parse failed : Quantum computer under maintenance. Please try again later.
[09-09 19:15:22] all chips busy/maintenance; retry in 15 min
[09-09 19:30:22] attempt #80: probing chip 2 (late_measure=False) ...
[09-09 19:30:23] chip 2 late=False: RuntimeError: json parse failed : Quantum computer under maintenance. Please try again later.
[09-09 19:30:23] attempt #80: probing chip 72 (late_measure=False) ...
[09-09 19:30:24] chip 72 late=False: RuntimeError: json parse failed : Quantum computer under maintenance. Please try again later.
[09-09 19:30:24] attempt #80: probing chip 5 (late_measure=False) ...
[09-09 19:30:25] chip 5 late=False: RuntimeError: json parse failed : Quantum computer under maintenance. Please try again later.
[09-09 19:30:25] all chips busy/maintenance; retry in 15 min
[09-09 19:45:25] attempt #81: probing chip 2 (late_measure=False) ...
[09-09 19:45:26] chip 2 late=False: RuntimeError: json parse failed : Quantum computer under maintenance. Please try again later.
[09-09 19:45:26] attempt #81: probing chip 72 (late_measure=False) ...
[09-09 19:45:26] chip 72 late=False: RuntimeError: json parse failed : Quantum computer under maintenance. Please try again later.
[09-09 19:45:26] attempt #81: probing chip 5 (late_measure=False) ...
[09-09 19:45:27] chip 5 late=False: RuntimeError: json parse failed : Quantum computer under maintenance. Please try again later.
[09-09 19:45:27] all chips busy/maintenance; retry in 15 min
[09-09 20:00:27] attempt #82: probing chip 2 (late_measure=False) ...
[09-09 20:00:27] chip 2 late=False: RuntimeError: json parse failed : Quantum computer under maintenance. Please try again later.
[09-09 20:00:27] attempt #82: probing chip 72 (late_measure=False) ...
[09-09 20:00:28] chip 72 late=False: RuntimeError: json parse failed : Quantum computer under maintenance. Please try again later.
[09-09 20:00:28] attempt #82: probing chip 5 (late_measure=False) ...
[09-09 20:00:29] chip 5 late=False: RuntimeError: json parse failed : Quantum computer under maintenance. Please try again later.
[09-09 20:00:29] all chips busy/maintenance; retry in 15 min
[09-09 20:15:29] attempt #83: probing chip 2 (late_measure=False) ...
[09-09 20:15:29] chip 2 late=False: RuntimeError: json parse failed : Quantum computer under maintenance. Please try again later.
[09-09 20:15:29] attempt #83: probing chip 72 (late_measure=False) ...
[09-09 20:15:30] chip 72 late=False: RuntimeError: json parse failed : Quantum computer under maintenance. Please try again later.
[09-09 20:15:30] attempt #83: probing chip 5 (late_measure=False) ...
[09-09 20:15:31] chip 5 late=False: RuntimeError: json parse failed : Quantum computer under maintenance. Please try again later.
[09-09 20:15:31] all chips busy/maintenance; retry in 15 min
[09-09 20:30:31] attempt #84: probing chip 2 (late_measure=False) ...
[09-09 20:30:32] chip 2 late=False: RuntimeError: json parse failed : Quantum computer under maintenance. Please try again later.
[09-09 20:30:32] attempt #84: probing chip 72 (late_measure=False) ...
[09-09 20:30:33] chip 72 late=False: RuntimeError: json parse failed : Quantum computer under maintenance. Please try again later.
[09-09 20:30:33] attempt #84: probing chip 5 (late_measure=False) ...
[09-09 20:30:34] chip 5 late=False: RuntimeError: json parse failed : Quantum computer under maintenance. Please try again later.
[09-09 20:30:34] all chips busy/maintenance; retry in 15 min
[09-09 20:45:34] attempt #85: probing chip 2 (late_measure=False) ...
[09-09 20:45:35] chip 2 late=False: RuntimeError: json parse failed : Quantum computer under maintenance. Please try again later.
[09-09 20:45:35] attempt #85: probing chip 72 (late_measure=False) ...
[09-09 20:45:35] chip 72 late=False: RuntimeError: json parse failed : Quantum computer under maintenance. Please try again later.
[09-09 20:45:35] attempt #85: probing chip 5 (late_measure=False) ...
[09-09 20:45:36] chip 5 late=False: RuntimeError: json parse failed : Quantum computer under maintenance. Please try again later.
[09-09 20:45:36] all chips busy/maintenance; retry in 15 min
[09-09 21:00:36] attempt #86: probing chip 2 (late_measure=False) ...
[09-09 21:00:38] chip 2 late=False: RuntimeError: json parse failed : Quantum computer under maintenance. Please try again later.
[09-09 21:00:38] attempt #86: probing chip 72 (late_measure=False) ...
[09-09 21:00:38] chip 72 late=False: RuntimeError: json parse failed : Quantum computer under maintenance. Please try again later.
[09-09 21:00:38] attempt #86: probing chip 5 (late_measure=False) ...
[09-09 21:00:39] chip 5 late=False: RuntimeError: json parse failed : Quantum computer under maintenance. Please try again later.
[09-09 21:00:39] all chips busy/maintenance; retry in 15 min
[09-09 21:15:39] attempt #87: probing chip 2 (late_measure=False) ...
[09-09 21:15:40] chip 2 late=False: RuntimeError: json parse failed : Quantum computer under maintenance. Please try again later.
[09-09 21:15:40] attempt #87: probing chip 72 (late_measure=False) ...
[09-09 21:15:41] chip 72 late=False: RuntimeError: json parse failed : Quantum computer under maintenance. Please try again later.
[09-09 21:15:41] attempt #87: probing chip 5 (late_measure=False) ...
[09-09 21:15:41] chip 5 late=False: RuntimeError: json parse failed : Quantum computer under maintenance. Please try again later.
[09-09 21:15:41] all chips busy/maintenance; retry in 15 min
[09-09 21:30:41] attempt #88: probing chip 2 (late_measure=False) ...
[09-09 21:30:42] chip 2 late=False: RuntimeError: json parse failed : Quantum computer under maintenance. Please try again later.
[09-09 21:30:42] attempt #88: probing chip 72 (late_measure=False) ...
[09-09 21:30:43] chip 72 late=False: RuntimeError: json parse failed : Quantum computer under maintenance. Please try again later.
[09-09 21:30:43] attempt #88: probing chip 5 (late_measure=False) ...
[09-09 21:30:44] chip 5 late=False: RuntimeError: json parse failed : Quantum computer under maintenance. Please try again later.
[09-09 21:30:44] all chips busy/maintenance; retry in 15 min
[09-09 21:45:44] attempt #89: probing chip 2 (late_measure=False) ...
[09-09 21:45:45] chip 2 late=False: RuntimeError: json parse failed : Quantum computer under maintenance. Please try again later.
[09-09 21:45:45] attempt #89: probing chip 72 (late_measure=False) ...
[09-09 21:45:47] chip 72 late=False: RuntimeError: json parse failed : Quantum computer under maintenance. Please try again later.
[09-09 21:45:47] attempt #89: probing chip 5 (late_measure=False) ...
[09-09 21:45:47] chip 5 late=False: RuntimeError: json parse failed : Quantum computer under maintenance. Please try again later.
[09-09 21:45:47] all chips busy/maintenance; retry in 15 min
[09-09 22:00:47] attempt #90: probing chip 2 (late_measure=False) ...
[09-09 22:00:48] chip 2 late=False: RuntimeError: json parse failed : Quantum computer under maintenance. Please try again later.
[09-09 22:00:48] attempt #90: probing chip 72 (late_measure=False) ...
[09-09 22:00:49] chip 72 late=False: RuntimeError: json parse failed : Quantum computer under maintenance. Please try again later.
[09-09 22:00:49] attempt #90: probing chip 5 (late_measure=False) ...
[09-09 22:00:49] chip 5 late=False: RuntimeError: json parse failed : Quantum computer under maintenance. Please try again later.
[09-09 22:00:49] all chips busy/maintenance; retry in 15 min
[09-09 22:15:49] attempt #91: probing chip 2 (late_measure=False) ...
[09-09 22:15:50] chip 2 late=False: RuntimeError: json parse failed : Quantum computer under maintenance. Please try again later.
[09-09 22:15:50] attempt #91: probing chip 72 (late_measure=False) ...
[09-09 22:15:51] chip 72 late=False: RuntimeError: json parse failed : Quantum computer under maintenance. Please try again later.
[09-09 22:15:51] attempt #91: probing chip 5 (late_measure=False) ...
[09-09 22:15:52] chip 5 late=False: RuntimeError: json parse failed : Quantum computer under maintenance. Please try again later.
[09-09 22:15:52] all chips busy/maintenance; retry in 15 min
[09-09 22:30:52] attempt #92: probing chip 2 (late_measure=False) ...
[09-09 22:30:52] chip 2 late=False: RuntimeError: json parse failed : Quantum computer under maintenance. Please try again later.
[09-09 22:30:52] attempt #92: probing chip 72 (late_measure=False) ...
[09-09 22:30:53] chip 72 late=False: RuntimeError: json parse failed : Quantum computer under maintenance. Please try again later.
[09-09 22:30:53] attempt #92: probing chip 5 (late_measure=False) ...
[09-09 22:30:54] chip 5 late=False: RuntimeError: json parse failed : Quantum computer under maintenance. Please try again later.
[09-09 22:30:54] all chips busy/maintenance; retry in 15 min
[09-09 22:45:54] attempt #93: probing chip 2 (late_measure=False) ...
[09-09 22:45:54] chip 2 late=False: RuntimeError: json parse failed : Quantum computer under maintenance. Please try again later.
[09-09 22:45:54] attempt #93: probing chip 72 (late_measure=False) ...
[09-09 22:45:55] chip 72 late=False: RuntimeError: json parse failed : Quantum computer under maintenance. Please try again later.
[09-09 22:45:55] attempt #93: probing chip 5 (late_measure=False) ...
[09-09 22:45:55] chip 5 late=False: RuntimeError: json parse failed : Quantum computer under maintenance. Please try again later.
[09-09 22:45:55] all chips busy/maintenance; retry in 15 min
[09-09 23:00:55] attempt #94: probing chip 2 (late_measure=False) ...
[09-09 23:00:56] chip 2 late=False: RuntimeError: json parse failed : Quantum computer under maintenance. Please try again later.
[09-09 23:00:56] attempt #94: probing chip 72 (late_measure=False) ...
[09-09 23:00:57] chip 72 late=False: RuntimeError: json parse failed : Quantum computer under maintenance. Please try again later.
[09-09 23:00:57] attempt #94: probing chip 5 (late_measure=False) ...
[09-09 23:00:57] chip 5 late=False: RuntimeError: json parse failed : Quantum computer under maintenance. Please try again later.
[09-09 23:00:57] all chips busy/maintenance; retry in 15 min
[09-09 23:15:57] attempt #95: probing chip 2 (late_measure=False) ...
[09-09 23:15:58] chip 2 late=False: RuntimeError: json parse failed : Quantum computer under maintenance. Please try again later.
[09-09 23:15:58] attempt #95: probing chip 72 (late_measure=False) ...
[09-09 23:15:58] chip 72 late=False: RuntimeError: json parse failed : Quantum computer under maintenance. Please try again later.
[09-09 23:15:58] attempt #95: probing chip 5 (late_measure=False) ...
[09-09 23:15:59] chip 5 late=False: RuntimeError: json parse failed : Quantum computer under maintenance. Please try again later.
[09-09 23:15:59] all chips busy/maintenance; retry in 15 min
[09-09 23:30:59] attempt #96: probing chip 2 (late_measure=False) ...
[09-09 23:31:00] chip 2 late=False: RuntimeError: json parse failed : Quantum computer under maintenance. Please try again later.
[09-09 23:31:00] attempt #96: probing chip 72 (late_measure=False) ...
[09-09 23:31:00] chip 72 late=False: RuntimeError: json parse failed : Quantum computer under maintenance. Please try again later.
[09-09 23:31:00] attempt #96: probing chip 5 (late_measure=False) ...
[09-09 23:31:01] chip 5 late=False: RuntimeError: json parse failed : Quantum computer under maintenance. Please try again later.
[09-09 23:31:01] all chips busy/maintenance; retry in 15 min
[09-09 23:46:01] attempt #97: probing chip 2 (late_measure=False) ...
[09-09 23:46:01] chip 2 late=False: RuntimeError: json parse failed : Quantum computer under maintenance. Please try again later.
[09-09 23:46:01] attempt #97: probing chip 72 (late_measure=False) ...
[09-09 23:46:02] chip 72 late=False: RuntimeError: json parse failed : Quantum computer under maintenance. Please try again later.
[09-09 23:46:02] attempt #97: probing chip 5 (late_measure=False) ...
[09-09 23:46:02] chip 5 late=False: RuntimeError: json parse failed : Quantum computer under maintenance. Please try again later.
[09-09 23:46:02] all chips busy/maintenance; retry in 15 min
[09-10 00:01:02] attempt #98: probing chip 2 (late_measure=False) ...
[09-10 00:01:03] chip 2 late=False: RuntimeError: json parse failed : Quantum computer under maintenance. Please try again later.
[09-10 00:01:03] attempt #98: probing chip 72 (late_measure=False) ...
[09-10 00:01:03] chip 72 late=False: RuntimeError: json parse failed : Quantum computer under maintenance. Please try again later.
[09-10 00:01:03] attempt #98: probing chip 5 (late_measure=False) ...
[09-10 00:01:04] chip 5 late=False: RuntimeError: json parse failed : Quantum computer under maintenance. Please try again later.
[09-10 00:01:04] all chips busy/maintenance; retry in 15 min
[09-10 00:16:04] attempt #99: probing chip 2 (late_measure=False) ...
[09-10 00:16:05] chip 2 late=False: RuntimeError: json parse failed : Quantum computer under maintenance. Please try again later.
[09-10 00:16:05] attempt #99: probing chip 72 (late_measure=False) ...
[09-10 00:16:05] chip 72 late=False: RuntimeError: json parse failed : Quantum computer under maintenance. Please try again later.
[09-10 00:16:05] attempt #99: probing chip 5 (late_measure=False) ...
[09-10 00:16:06] chip 5 late=False: RuntimeError: json parse failed : Quantum computer under maintenance. Please try again later.
[09-10 00:16:06] all chips busy/maintenance; retry in 15 min
[09-10 00:31:06] attempt #100: probing chip 2 (late_measure=False) ...
[09-10 00:31:06] chip 2 late=False: RuntimeError: json parse failed : Quantum computer under maintenance. Please try again later.
[09-10 00:31:06] attempt #100: probing chip 72 (late_measure=False) ...
[09-10 00:31:07] chip 72 late=False: RuntimeError: json parse failed : Quantum computer under maintenance. Please try again later.
[09-10 00:31:07] attempt #100: probing chip 5 (late_measure=False) ...
[09-10 00:31:07] chip 5 late=False: RuntimeError: json parse failed : Quantum computer under maintenance. Please try again later.
[09-10 00:31:07] all chips busy/maintenance; retry in 15 min
[09-10 00:46:07] attempt #101: probing chip 2 (late_measure=False) ...
[09-10 00:46:08] chip 2 late=False: RuntimeError: json parse failed : Quantum computer under maintenance. Please try again later.
[09-10 00:46:08] attempt #101: probing chip 72 (late_measure=False) ...
[09-10 00:46:08] chip 72 late=False: RuntimeError: json parse failed : Quantum computer under maintenance. Please try again later.
[09-10 00:46:08] attempt #101: probing chip 5 (late_measure=False) ...
[09-10 00:46:09] chip 5 late=False: RuntimeError: json parse failed : Quantum computer under maintenance. Please try again later.
[09-10 00:46:09] all chips busy/maintenance; retry in 15 min
[09-10 01:01:09] attempt #102: probing chip 2 (late_measure=False) ...
[09-10 01:01:09] chip 2 late=False: RuntimeError: json parse failed : Quantum computer under maintenance. Please try again later.
[09-10 01:01:09] attempt #102: probing chip 72 (late_measure=False) ...
[09-10 01:01:10] chip 72 late=False: RuntimeError: json parse failed : Quantum computer under maintenance. Please try again later.
[09-10 01:01:10] attempt #102: probing chip 5 (late_measure=False) ...
[09-10 01:01:10] chip 5 late=False: RuntimeError: json parse failed : Quantum computer under maintenance. Please try again later.
[09-10 01:01:10] all chips busy/maintenance; retry in 15 min
[09-10 01:16:10] attempt #103: probing chip 2 (late_measure=False) ...
[09-10 01:16:11] chip 2 late=False: RuntimeError: json parse failed : Quantum computer under maintenance. Please try again later.
[09-10 01:16:11] attempt #103: probing chip 72 (late_measure=False) ...
[09-10 01:16:11] chip 72 late=False: RuntimeError: json parse failed : Quantum computer under maintenance. Please try again later.
[09-10 01:16:11] attempt #103: probing chip 5 (late_measure=False) ...
[09-10 01:16:12] chip 5 late=False: RuntimeError: json parse failed : Quantum computer under maintenance. Please try again later.
[09-10 01:16:12] all chips busy/maintenance; retry in 15 min
[09-10 01:31:12] attempt #104: probing chip 2 (late_measure=False) ...
[09-10 01:31:12] chip 2 late=False: RuntimeError: json parse failed : Quantum computer under maintenance. Please try again later.
[09-10 01:31:12] attempt #104: probing chip 72 (late_measure=False) ...
[09-10 01:31:13] chip 72 late=False: RuntimeError: json parse failed : Quantum computer under maintenance. Please try again later.
[09-10 01:31:13] attempt #104: probing chip 5 (late_measure=False) ...
[09-10 01:31:13] chip 5 late=False: RuntimeError: json parse failed : Quantum computer under maintenance. Please try again later.
[09-10 01:31:13] all chips busy/maintenance; retry in 15 min
[09-10 01:46:13] attempt #105: probing chip 2 (late_measure=False) ...
[09-10 01:46:14] chip 2 late=False: RuntimeError: json parse failed : Quantum computer under maintenance. Please try again later.
[09-10 01:46:14] attempt #105: probing chip 72 (late_measure=False) ...
[09-10 01:46:14] chip 72 late=False: RuntimeError: json parse failed : Quantum computer under maintenance. Please try again later.
[09-10 01:46:14] attempt #105: probing chip 5 (late_measure=False) ...
[09-10 01:46:15] chip 5 late=False: RuntimeError: json parse failed : Quantum computer under maintenance. Please try again later.
[09-10 01:46:15] all chips busy/maintenance; retry in 15 min
[09-10 02:01:15] attempt #106: probing chip 2 (late_measure=False) ...
[09-10 02:01:15] chip 2 late=False: RuntimeError: json parse failed : Quantum computer under maintenance. Please try again later.
[09-10 02:01:15] attempt #106: probing chip 72 (late_measure=False) ...
[09-10 02:01:16] chip 72 late=False: RuntimeError: json parse failed : Quantum computer under maintenance. Please try again later.
[09-10 02:01:16] attempt #106: probing chip 5 (late_measure=False) ...
[09-10 02:01:17] chip 5 late=False: RuntimeError: json parse failed : Quantum computer under maintenance. Please try again later.
[09-10 02:01:17] all chips busy/maintenance; retry in 15 min
[09-10 02:16:17] attempt #107: probing chip 2 (late_measure=False) ...
[09-10 02:16:17] chip 2 late=False: RuntimeError: json parse failed : Quantum computer under maintenance. Please try again later.
[09-10 02:16:17] attempt #107: probing chip 72 (late_measure=False) ...
[09-10 02:16:18] chip 72 late=False: RuntimeError: json parse failed : Quantum computer under maintenance. Please try again later.
[09-10 02:16:18] attempt #107: probing chip 5 (late_measure=False) ...
[09-10 02:16:18] chip 5 late=False: RuntimeError: json parse failed : Quantum computer under maintenance. Please try again later.
[09-10 02:16:18] all chips busy/maintenance; retry in 15 min
[09-10 02:31:18] attempt #108: probing chip 2 (late_measure=False) ...
[09-10 02:31:19] chip 2 late=False: RuntimeError: json parse failed : Quantum computer under maintenance. Please try again later.
[09-10 02:31:19] attempt #108: probing chip 72 (late_measure=False) ...
[09-10 02:31:19] chip 72 late=False: RuntimeError: json parse failed : Quantum computer under maintenance. Please try again later.
[09-10 02:31:19] attempt #108: probing chip 5 (late_measure=False) ...
[09-10 02:31:20] chip 5 late=False: RuntimeError: json parse failed : Quantum computer under maintenance. Please try again later.
[09-10 02:31:20] all chips busy/maintenance; retry in 15 min
[09-10 02:46:20] attempt #109: probing chip 2 (late_measure=False) ...
[09-10 02:46:20] chip 2 late=False: RuntimeError: json parse failed : Quantum computer under maintenance. Please try again later.
[09-10 02:46:20] attempt #109: probing chip 72 (late_measure=False) ...
[09-10 02:46:21] chip 72 late=False: RuntimeError: json parse failed : Quantum computer under maintenance. Please try again later.
[09-10 02:46:21] attempt #109: probing chip 5 (late_measure=False) ...
[09-10 02:46:22] chip 5 late=False: RuntimeError: json parse failed : Quantum computer under maintenance. Please try again later.
[09-10 02:46:22] all chips busy/maintenance; retry in 15 min
[09-10 03:01:22] attempt #110: probing chip 2 (late_measure=False) ...
[09-10 03:01:22] chip 2 late=False: RuntimeError: json parse failed : Quantum computer under maintenance. Please try again later.
[09-10 03:01:22] attempt #110: probing chip 72 (late_measure=False) ...
[09-10 03:01:23] chip 72 late=False: RuntimeError: json parse failed : Quantum computer under maintenance. Please try again later.
[09-10 03:01:23] attempt #110: probing chip 5 (late_measure=False) ...
[09-10 03:01:23] chip 5 late=False: RuntimeError: json parse failed : Quantum computer under maintenance. Please try again later.
[09-10 03:01:23] all chips busy/maintenance; retry in 15 min
[09-10 03:16:23] attempt #111: probing chip 2 (late_measure=False) ...
[09-10 03:16:24] chip 2 late=False: RuntimeError: json parse failed : Quantum computer under maintenance. Please try again later.
[09-10 03:16:24] attempt #111: probing chip 72 (late_measure=False) ...
[09-10 03:16:24] chip 72 late=False: RuntimeError: json parse failed : Quantum computer under maintenance. Please try again later.
[09-10 03:16:24] attempt #111: probing chip 5 (late_measure=False) ...
[09-10 03:16:25] chip 5 late=False: RuntimeError: json parse failed : Quantum computer under maintenance. Please try again later.
[09-10 03:16:25] all chips busy/maintenance; retry in 15 min
[09-10 03:31:25] attempt #112: probing chip 2 (late_measure=False) ...
[09-10 03:31:25] chip 2 late=False: RuntimeError: json parse failed : Quantum computer under maintenance. Please try again later.
[09-10 03:31:25] attempt #112: probing chip 72 (late_measure=False) ...
[09-10 03:31:26] chip 72 late=False: RuntimeError: json parse failed : Quantum computer under maintenance. Please try again later.
[09-10 03:31:26] attempt #112: probing chip 5 (late_measure=False) ...
[09-10 03:31:26] chip 5 late=False: RuntimeError: json parse failed : Quantum computer under maintenance. Please try again later.
[09-10 03:31:26] all chips busy/maintenance; retry in 15 min
[09-10 03:46:26] attempt #113: probing chip 2 (late_measure=False) ...
[09-10 03:46:27] chip 2 late=False: RuntimeError: json parse failed : Quantum computer under maintenance. Please try again later.
[09-10 03:46:27] attempt #113: probing chip 72 (late_measure=False) ...
[09-10 03:46:27] chip 72 late=False: RuntimeError: json parse failed : Quantum computer under maintenance. Please try again later.
[09-10 03:46:27] attempt #113: probing chip 5 (late_measure=False) ...
[09-10 03:46:28] chip 5 late=False: RuntimeError: json parse failed : Quantum computer under maintenance. Please try again later.
[09-10 03:46:28] all chips busy/maintenance; retry in 15 min
[09-10 04:01:28] attempt #114: probing chip 2 (late_measure=False) ...
[09-10 04:01:28] chip 2 late=False: RuntimeError: json parse failed : Quantum computer under maintenance. Please try again later.
[09-10 04:01:28] attempt #114: probing chip 72 (late_measure=False) ...
[09-10 04:01:29] chip 72 late=False: RuntimeError: json parse failed : Quantum computer under maintenance. Please try again later.
[09-10 04:01:29] attempt #114: probing chip 5 (late_measure=False) ...
[09-10 04:01:29] chip 5 late=False: RuntimeError: json parse failed : Quantum computer under maintenance. Please try again later.
[09-10 04:01:29] all chips busy/maintenance; retry in 15 min
[09-10 04:16:29] attempt #115: probing chip 2 (late_measure=False) ...
[09-10 04:16:30] chip 2 late=False: RuntimeError: json parse failed : Quantum computer under maintenance. Please try again later.
[09-10 04:16:30] attempt #115: probing chip 72 (late_measure=False) ...
[09-10 04:16:30] chip 72 late=False: RuntimeError: json parse failed : Quantum computer under maintenance. Please try again later.
[09-10 04:16:30] attempt #115: probing chip 5 (late_measure=False) ...
[09-10 04:16:31] chip 5 late=False: RuntimeError: json parse failed : Quantum computer under maintenance. Please try again later.
[09-10 04:16:31] all chips busy/maintenance; retry in 15 min
[09-10 04:31:31] attempt #116: probing chip 2 (late_measure=False) ...
[09-10 04:31:31] chip 2 late=False: RuntimeError: json parse failed : Quantum computer under maintenance. Please try again later.
[09-10 04:31:31] attempt #116: probing chip 72 (late_measure=False) ...
[09-10 04:31:32] chip 72 late=False: RuntimeError: json parse failed : Quantum computer under maintenance. Please try again later.
[09-10 04:31:32] attempt #116: probing chip 5 (late_measure=False) ...
[09-10 04:31:33] chip 5 late=False: RuntimeError: json parse failed : Quantum computer under maintenance. Please try again later.
[09-10 04:31:33] all chips busy/maintenance; retry in 15 min
[09-10 04:46:33] attempt #117: probing chip 2 (late_measure=False) ...
[09-10 04:46:33] chip 2 late=False: RuntimeError: json parse failed : Quantum computer under maintenance. Please try again later.
[09-10 04:46:33] attempt #117: probing chip 72 (late_measure=False) ...
[09-10 04:46:34] chip 72 late=False: RuntimeError: json parse failed : Quantum computer under maintenance. Please try again later.
[09-10 04:46:34] attempt #117: probing chip 5 (late_measure=False) ...
[09-10 04:46:34] chip 5 late=False: RuntimeError: json parse failed : Quantum computer under maintenance. Please try again later.
[09-10 04:46:34] all chips busy/maintenance; retry in 15 min
[09-10 05:01:34] attempt #118: probing chip 2 (late_measure=False) ...
[09-10 05:01:35] chip 2 late=False: RuntimeError: json parse failed : Quantum computer under maintenance. Please try again later.
[09-10 05:01:35] attempt #118: probing chip 72 (late_measure=False) ...
[09-10 05:01:36] chip 72 late=False: RuntimeError: json parse failed : Quantum computer under maintenance. Please try again later.
[09-10 05:01:36] attempt #118: probing chip 5 (late_measure=False) ...
[09-10 05:01:36] chip 5 late=False: RuntimeError: json parse failed : Quantum computer under maintenance. Please try again later.
[09-10 05:01:36] all chips busy/maintenance; retry in 15 min
[09-10 05:16:36] attempt #119: probing chip 2 (late_measure=False) ...
[09-10 05:16:37] chip 2 late=False: RuntimeError: json parse failed : Quantum computer under maintenance. Please try again later.
[09-10 05:16:37] attempt #119: probing chip 72 (late_measure=False) ...
[09-10 05:16:37] chip 72 late=False: RuntimeError: json parse failed : Quantum computer under maintenance. Please try again later.
[09-10 05:16:37] attempt #119: probing chip 5 (late_measure=False) ...
[09-10 05:16:38] chip 5 late=False: RuntimeError: json parse failed : Quantum computer under maintenance. Please try again later.
[09-10 05:16:38] all chips busy/maintenance; retry in 15 min
[09-10 05:31:38] attempt #120: probing chip 2 (late_measure=False) ...
[09-10 05:31:38] chip 2 late=False: RuntimeError: json parse failed : Quantum computer under maintenance. Please try again later.
[09-10 05:31:38] attempt #120: probing chip 72 (late_measure=False) ...
[09-10 05:31:39] chip 72 late=False: RuntimeError: json parse failed : Quantum computer under maintenance. Please try again later.
[09-10 05:31:39] attempt #120: probing chip 5 (late_measure=False) ...
[09-10 05:31:39] chip 5 late=False: RuntimeError: json parse failed : Quantum computer under maintenance. Please try again later.
[09-10 05:31:39] all chips busy/maintenance; retry in 15 min
[09-10 05:46:39] attempt #121: probing chip 2 (late_measure=False) ...
[09-10 05:46:40] chip 2 late=False: RuntimeError: json parse failed : Quantum computer under maintenance. Please try again later.
[09-10 05:46:40] attempt #121: probing chip 72 (late_measure=False) ...
[09-10 05:46:41] chip 72 late=False: RuntimeError: json parse failed : Quantum computer under maintenance. Please try again later.
[09-10 05:46:41] attempt #121: probing chip 5 (late_measure=False) ...
[09-10 05:46:42] chip 5 late=False: RuntimeError: json parse failed : Quantum computer under maintenance. Please try again later.
[09-10 05:46:42] all chips busy/maintenance; retry in 15 min
[09-10 06:01:42] attempt #122: probing chip 2 (late_measure=False) ...
[09-10 06:01:42] chip 2 late=False: RuntimeError: json parse failed : Quantum computer under maintenance. Please try again later.
[09-10 06:01:42] attempt #122: probing chip 72 (late_measure=False) ...
[09-10 06:01:43] chip 72 late=False: RuntimeError: json parse failed : Quantum computer under maintenance. Please try again later.
[09-10 06:01:43] attempt #122: probing chip 5 (late_measure=False) ...
[09-10 06:01:43] chip 5 late=False: RuntimeError: json parse failed : Quantum computer under maintenance. Please try again later.
[09-10 06:01:43] all chips busy/maintenance; retry in 15 min
[09-10 06:16:43] attempt #123: probing chip 2 (late_measure=False) ...
[09-10 06:16:44] chip 2 late=False: RuntimeError: json parse failed : Quantum computer under maintenance. Please try again later.
[09-10 06:16:44] attempt #123: probing chip 72 (late_measure=False) ...
[09-10 06:16:44] chip 72 late=False: RuntimeError: json parse failed : Quantum computer under maintenance. Please try again later.
[09-10 06:16:44] attempt #123: probing chip 5 (late_measure=False) ...
[09-10 06:16:45] chip 5 late=False: RuntimeError: json parse failed : Quantum computer under maintenance. Please try again later.
[09-10 06:16:45] all chips busy/maintenance; retry in 15 min
[09-10 06:31:45] attempt #124: probing chip 2 (late_measure=False) ...
[09-10 06:31:45] chip 2 late=False: RuntimeError: json parse failed : Quantum computer under maintenance. Please try again later.
[09-10 06:31:45] attempt #124: probing chip 72 (late_measure=False) ...
[09-10 06:31:46] chip 72 late=False: RuntimeError: json parse failed : Quantum computer under maintenance. Please try again later.
[09-10 06:31:46] attempt #124: probing chip 5 (late_measure=False) ...
[09-10 06:31:46] chip 5 late=False: RuntimeError: json parse failed : Quantum computer under maintenance. Please try again later.
[09-10 06:31:46] all chips busy/maintenance; retry in 15 min
[09-10 06:46:46] attempt #125: probing chip 2 (late_measure=False) ...
[09-10 06:46:47] chip 2 late=False: RuntimeError: json parse failed : Quantum computer under maintenance. Please try again later.
[09-10 06:46:47] attempt #125: probing chip 72 (late_measure=False) ...
[09-10 06:46:47] chip 72 late=False: RuntimeError: json parse failed : Quantum computer under maintenance. Please try again later.
[09-10 06:46:47] attempt #125: probing chip 5 (late_measure=False) ...
[09-10 06:46:48] chip 5 late=False: RuntimeError: json parse failed : Quantum computer under maintenance. Please try again later.
[09-10 06:46:48] all chips busy/maintenance; retry in 15 min
[09-10 07:01:48] attempt #126: probing chip 2 (late_measure=False) ...
[09-10 07:01:48] chip 2 late=False: RuntimeError: json parse failed : Quantum computer under maintenance. Please try again later.
[09-10 07:01:48] attempt #126: probing chip 72 (late_measure=False) ...
[09-10 07:01:49] chip 72 late=False: RuntimeError: json parse failed : Quantum computer under maintenance. Please try again later.
[09-10 07:01:49] attempt #126: probing chip 5 (late_measure=False) ...
[09-10 07:01:49] chip 5 late=False: RuntimeError: json parse failed : Quantum computer under maintenance. Please try again later.
[09-10 07:01:49] all chips busy/maintenance; retry in 15 min
[09-10 07:16:49] attempt #127: probing chip 2 (late_measure=False) ...
[09-10 07:16:50] chip 2 late=False: RuntimeError: json parse failed : Quantum computer under maintenance. Please try again later.
[09-10 07:16:50] attempt #127: probing chip 72 (late_measure=False) ...
[09-10 07:16:50] chip 72 late=False: RuntimeError: json parse failed : Quantum computer under maintenance. Please try again later.
[09-10 07:16:50] attempt #127: probing chip 5 (late_measure=False) ...
[09-10 07:16:51] chip 5 late=False: RuntimeError: json parse failed : Quantum computer under maintenance. Please try again later.
[09-10 07:16:51] all chips busy/maintenance; retry in 15 min
[09-10 07:31:51] attempt #128: probing chip 2 (late_measure=False) ...
[09-10 07:31:51] chip 2 late=False: RuntimeError: json parse failed : Quantum computer under maintenance. Please try again later.
[09-10 07:31:51] attempt #128: probing chip 72 (late_measure=False) ...
[09-10 07:31:52] chip 72 late=False: RuntimeError: json parse failed : Quantum computer under maintenance. Please try again later.
[09-10 07:31:52] attempt #128: probing chip 5 (late_measure=False) ...
[09-10 07:31:52] chip 5 late=False: RuntimeError: json parse failed : Quantum computer under maintenance. Please try again later.
[09-10 07:31:52] all chips busy/maintenance; retry in 15 min
[09-10 07:46:52] attempt #129: probing chip 2 (late_measure=False) ...
[09-10 07:46:53] chip 2 late=False: RuntimeError: json parse failed : Quantum computer under maintenance. Please try again later.
[09-10 07:46:53] attempt #129: probing chip 72 (late_measure=False) ...
[09-10 07:46:54] chip 72 late=False: RuntimeError: json parse failed : Quantum computer under maintenance. Please try again later.
[09-10 07:46:54] attempt #129: probing chip 5 (late_measure=False) ...
[09-10 07:46:54] chip 5 late=False: RuntimeError: json parse failed : Quantum computer under maintenance. Please try again later.
[09-10 07:46:54] all chips busy/maintenance; retry in 15 min
[09-10 08:01:54] attempt #130: probing chip 2 (late_measure=False) ...
[09-10 08:01:55] chip 2 late=False: RuntimeError: json parse failed : Quantum computer under maintenance. Please try again later.
[09-10 08:01:55] attempt #130: probing chip 72 (late_measure=False) ...
[09-10 08:01:55] chip 72 late=False: RuntimeError: json parse failed : Quantum computer under maintenance. Please try again later.
[09-10 08:01:55] attempt #130: probing chip 5 (late_measure=False) ...
[09-10 08:01:56] chip 5 late=False: RuntimeError: json parse failed : Quantum computer under maintenance. Please try again later.
[09-10 08:01:56] all chips busy/maintenance; retry in 15 min
[09-10 08:16:56] attempt #131: probing chip 2 (late_measure=False) ...
[09-10 08:16:56] chip 2 late=False: RuntimeError: json parse failed : Quantum computer under maintenance. Please try again later.
[09-10 08:16:56] attempt #131: probing chip 72 (late_measure=False) ...
[09-10 08:16:57] chip 72 late=False: RuntimeError: json parse failed : Quantum computer under maintenance. Please try again later.
[09-10 08:16:57] attempt #131: probing chip 5 (late_measure=False) ...
[09-10 08:16:57] chip 5 late=False: RuntimeError: json parse failed : Quantum computer under maintenance. Please try again later.
[09-10 08:16:57] all chips busy/maintenance; retry in 15 min
[09-10 08:31:57] attempt #132: probing chip 2 (late_measure=False) ...
[09-10 08:31:58] chip 2 late=False: RuntimeError: json parse failed : Quantum computer under maintenance. Please try again later.
[09-10 08:31:58] attempt #132: probing chip 72 (late_measure=False) ...
[09-10 08:31:58] chip 72 late=False: RuntimeError: json parse failed : Quantum computer under maintenance. Please try again later.
[09-10 08:31:58] attempt #132: probing chip 5 (late_measure=False) ...
[09-10 08:31:59] chip 5 late=False: RuntimeError: json parse failed : Quantum computer under maintenance. Please try again later.
[09-10 08:31:59] all chips busy/maintenance; retry in 15 min
[09-10 08:46:59] attempt #133: probing chip 2 (late_measure=False) ...
[09-10 08:46:59] chip 2 late=False: RuntimeError: json parse failed : Quantum computer under maintenance. Please try again later.
[09-10 08:46:59] attempt #133: probing chip 72 (late_measure=False) ...
[09-10 08:47:00] chip 72 late=False: RuntimeError: json parse failed : Quantum computer under maintenance. Please try again later.
[09-10 08:47:00] attempt #133: probing chip 5 (late_measure=False) ...
[09-10 08:47:00] chip 5 late=False: RuntimeError: json parse failed : Quantum computer under maintenance. Please try again later.
[09-10 08:47:00] all chips busy/maintenance; retry in 15 min
[09-10 09:02:00] attempt #134: probing chip 2 (late_measure=False) ...
[09-10 09:02:01] chip 2 late=False: RuntimeError: json parse failed : Quantum computer under maintenance. Please try again later.
[09-10 09:02:01] attempt #134: probing chip 72 (late_measure=False) ...
[09-10 09:02:02] chip 72 late=False: RuntimeError: json parse failed : Quantum computer under maintenance. Please try again later.
[09-10 09:02:02] attempt #134: probing chip 5 (late_measure=False) ...
[09-10 09:02:02] chip 5 late=False: RuntimeError: json parse failed : Quantum computer under maintenance. Please try again later.
[09-10 09:02:02] all chips busy/maintenance; retry in 15 min
[09-10 09:17:02] attempt #135: probing chip 2 (late_measure=False) ...
[09-10 09:17:03] chip 2 late=False: RuntimeError: json parse failed : Quantum computer under maintenance. Please try again later.
[09-10 09:17:03] attempt #135: probing chip 72 (late_measure=False) ...
[09-10 09:17:03] chip 72 late=False: RuntimeError: json parse failed : Quantum computer under maintenance. Please try again later.
[09-10 09:17:03] attempt #135: probing chip 5 (late_measure=False) ...
[09-10 09:17:04] chip 5 late=False: RuntimeError: json parse failed : Quantum computer under maintenance. Please try again later.
[09-10 09:17:04] all chips busy/maintenance; retry in 15 min
[09-10 09:32:04] attempt #136: probing chip 2 (late_measure=False) ...
[09-10 09:32:04] chip 2 late=False: RuntimeError: json parse failed : Quantum computer under maintenance. Please try again later.
[09-10 09:32:04] attempt #136: probing chip 72 (late_measure=False) ...
[09-10 09:32:05] chip 72 late=False: RuntimeError: json parse failed : Quantum computer under maintenance. Please try again later.
[09-10 09:32:05] attempt #136: probing chip 5 (late_measure=False) ...
[09-10 09:32:06] chip 5 late=False: RuntimeError: json parse failed : Quantum computer under maintenance. Please try again later.
[09-10 09:32:06] all chips busy/maintenance; retry in 15 min
[09-10 09:47:06] attempt #137: probing chip 2 (late_measure=False) ...
[09-10 09:47:06] chip 2 late=False: RuntimeError: json parse failed : Quantum computer under maintenance. Please try again later.
[09-10 09:47:06] attempt #137: probing chip 72 (late_measure=False) ...
[09-10 09:47:07] chip 72 late=False: RuntimeError: json parse failed : Quantum computer under maintenance. Please try again later.
[09-10 09:47:07] attempt #137: probing chip 5 (late_measure=False) ...
[09-10 09:47:07] chip 5 late=False: RuntimeError: json parse failed : Quantum computer under maintenance. Please try again later.
[09-10 09:47:07] all chips busy/maintenance; retry in 15 min
[09-10 10:02:07] attempt #138: probing chip 2 (late_measure=False) ...
[09-10 10:02:08] chip 2 late=False: RuntimeError: json parse failed : Quantum computer under maintenance. Please try again later.
[09-10 10:02:08] attempt #138: probing chip 72 (late_measure=False) ...
[09-10 10:02:08] chip 72 late=False: RuntimeError: json parse failed : Quantum computer under maintenance. Please try again later.
[09-10 10:02:08] attempt #138: probing chip 5 (late_measure=False) ...
[09-10 10:02:09] chip 5 late=False: RuntimeError: json parse failed : Quantum computer under maintenance. Please try again later.
[09-10 10:02:09] all chips busy/maintenance; retry in 15 min
[09-10 10:17:09] attempt #139: probing chip 2 (late_measure=False) ...
[09-10 10:17:09] chip 2 late=False: RuntimeError: json parse failed : Quantum computer under maintenance. Please try again later.
[09-10 10:17:09] attempt #139: probing chip 72 (late_measure=False) ...
[09-10 10:17:10] chip 72 late=False: RuntimeError: json parse failed : Quantum computer under maintenance. Please try again later.
[09-10 10:17:10] attempt #139: probing chip 5 (late_measure=False) ...
[09-10 10:17:10] chip 5 late=False: RuntimeError: json parse failed : Quantum computer under maintenance. Please try again later.
[09-10 10:17:10] all chips busy/maintenance; retry in 15 min
[09-10 10:32:10] attempt #140: probing chip 2 (late_measure=False) ...
[09-10 10:32:11] chip 2 late=False: RuntimeError: json parse failed : Quantum computer under maintenance. Please try again later.
[09-10 10:32:11] attempt #140: probing chip 72 (late_measure=False) ...
[09-10 10:32:11] chip 72 late=False: RuntimeError: json parse failed : Quantum computer under maintenance. Please try again later.
[09-10 10:32:11] attempt #140: probing chip 5 (late_measure=False) ...
[09-10 10:32:12] chip 5 late=False: RuntimeError: json parse failed : Quantum computer under maintenance. Please try again later.
[09-10 10:32:12] all chips busy/maintenance; retry in 15 min
[09-10 10:47:12] attempt #141: probing chip 2 (late_measure=False) ...
[09-10 10:47:12] chip 2 late=False: RuntimeError: json parse failed : Quantum computer under maintenance. Please try again later.
[09-10 10:47:12] attempt #141: probing chip 72 (late_measure=False) ...
[09-10 10:47:13] chip 72 late=False: RuntimeError: json parse failed : Quantum computer under maintenance. Please try again later.
[09-10 10:47:13] attempt #141: probing chip 5 (late_measure=False) ...
[09-10 10:47:13] chip 5 late=False: RuntimeError: json parse failed : Quantum computer under maintenance. Please try again later.
[09-10 10:47:13] all chips busy/maintenance; retry in 15 min
[09-10 11:02:13] attempt #142: probing chip 2 (late_measure=False) ...
[09-10 11:02:14] chip 2 late=False: RuntimeError: json parse failed : Quantum computer under maintenance. Please try again later.
[09-10 11:02:14] attempt #142: probing chip 72 (late_measure=False) ...
[09-10 11:02:15] chip 72 late=False: RuntimeError: json parse failed : Quantum computer under maintenance. Please try again later.
[09-10 11:02:15] attempt #142: probing chip 5 (late_measure=False) ...
[09-10 11:02:15] chip 5 late=False: RuntimeError: json parse failed : Quantum computer under maintenance. Please try again later.
[09-10 11:02:15] all chips busy/maintenance; retry in 15 min
[09-10 11:17:15] attempt #143: probing chip 2 (late_measure=False) ...
[09-10 11:17:16] chip 2 late=False: RuntimeError: json parse failed : Quantum computer under maintenance. Please try again later.
[09-10 11:17:16] attempt #143: probing chip 72 (late_measure=False) ...
[09-10 11:17:16] chip 72 late=False: RuntimeError: json parse failed : Quantum computer under maintenance. Please try again later.
[09-10 11:17:16] attempt #143: probing chip 5 (late_measure=False) ...
[09-10 11:17:17] chip 5 late=False: RuntimeError: json parse failed : Quantum computer under maintenance. Please try again later.
[09-10 11:17:17] all chips busy/maintenance; retry in 15 min
[09-10 11:32:17] attempt #144: probing chip 2 (late_measure=False) ...
[09-10 11:32:17] chip 2 late=False: RuntimeError: json parse failed : Quantum computer under maintenance. Please try again later.
[09-10 11:32:17] attempt #144: probing chip 72 (late_measure=False) ...
[09-10 11:32:17] chip 72 late=False: RuntimeError: json parse failed : Quantum computer under maintenance. Please try again later.
[09-10 11:32:17] attempt #144: probing chip 5 (late_measure=False) ...
[09-10 11:32:18] chip 5 late=False: RuntimeError: json parse failed : Quantum computer under maintenance. Please try again later.
[09-10 11:32:18] all chips busy/maintenance; retry in 15 min
[09-10 11:47:18] attempt #145: probing chip 2 (late_measure=False) ...
[09-10 11:47:19] chip 2 late=False: RuntimeError: json parse failed : Quantum computer under maintenance. Please try again later.
[09-10 11:47:19] attempt #145: probing chip 72 (late_measure=False) ...
[09-10 11:47:19] chip 72 late=False: RuntimeError: json parse failed : Quantum computer under maintenance. Please try again later.
[09-10 11:47:19] attempt #145: probing chip 5 (late_measure=False) ...
[09-10 11:47:20] chip 5 late=False: RuntimeError: json parse failed : Quantum computer under maintenance. Please try again later.
[09-10 11:47:20] all chips busy/maintenance; retry in 15 min
[09-10 12:02:20] attempt #146: probing chip 2 (late_measure=False) ...
[09-10 12:02:20] chip 2 late=False: RuntimeError: json parse failed : Quantum computer under maintenance. Please try again later.
[09-10 12:02:20] attempt #146: probing chip 72 (late_measure=False) ...
[09-10 12:02:21] chip 72 late=False: RuntimeError: json parse failed : Quantum computer under maintenance. Please try again later.
[09-10 12:02:21] attempt #146: probing chip 5 (late_measure=False) ...
[09-10 12:02:22] chip 5 late=False: RuntimeError: json parse failed : Quantum computer under maintenance. Please try again later.
[09-10 12:02:22] all chips busy/maintenance; retry in 15 min
[09-10 12:17:22] attempt #147: probing chip 2 (late_measure=False) ...
[09-10 12:17:22] chip 2 late=False: RuntimeError: json parse failed : Quantum computer under maintenance. Please try again later.
[09-10 12:17:22] attempt #147: probing chip 72 (late_measure=False) ...
[09-10 12:17:23] chip 72 late=False: RuntimeError: json parse failed : Quantum computer under maintenance. Please try again later.
[09-10 12:17:23] attempt #147: probing chip 5 (late_measure=False) ...
[09-10 12:17:23] chip 5 late=False: RuntimeError: json parse failed : Quantum computer under maintenance. Please try again later.
[09-10 12:17:23] all chips busy/maintenance; retry in 15 min
[09-10 12:32:23] attempt #148: probing chip 2 (late_measure=False) ...
[09-10 12:32:24] chip 2 late=False: RuntimeError: json parse failed : Quantum computer under maintenance. Please try again later.
[09-10 12:32:24] attempt #148: probing chip 72 (late_measure=False) ...
[09-10 12:32:24] chip 72 late=False: RuntimeError: json parse failed : Quantum computer under maintenance. Please try again later.
[09-10 12:32:24] attempt #148: probing chip 5 (late_measure=False) ...
[09-10 12:32:25] chip 5 late=False: RuntimeError: json parse failed : Quantum computer under maintenance. Please try again later.
[09-10 12:32:25] all chips busy/maintenance; retry in 15 min
[09-10 12:47:25] attempt #149: probing chip 2 (late_measure=False) ...
[09-10 12:47:25] chip 2 late=False: RuntimeError: json parse failed : Quantum computer under maintenance. Please try again later.
[09-10 12:47:25] attempt #149: probing chip 72 (late_measure=False) ...
[09-10 12:47:26] chip 72 late=False: RuntimeError: json parse failed : Quantum computer under maintenance. Please try again later.
[09-10 12:47:26] attempt #149: probing chip 5 (late_measure=False) ...
[09-10 12:47:26] chip 5 late=False: RuntimeError: json parse failed : Quantum computer under maintenance. Please try again later.
[09-10 12:47:26] all chips busy/maintenance; retry in 15 min
[09-10 13:02:26] attempt #150: probing chip 2 (late_measure=False) ...
[09-10 13:02:27] chip 2 late=False: RuntimeError: json parse failed : Quantum computer under maintenance. Please try again later.
[09-10 13:02:27] attempt #150: probing chip 72 (late_measure=False) ...
[09-10 13:02:27] chip 72 late=False: RuntimeError: json parse failed : Quantum computer under maintenance. Please try again later.
[09-10 13:02:27] attempt #150: probing chip 5 (late_measure=False) ...
[09-10 13:02:28] chip 5 late=False: RuntimeError: json parse failed : Quantum computer under maintenance. Please try again later.
[09-10 13:02:28] all chips busy/maintenance; retry in 15 min
[09-10 13:17:28] attempt #151: probing chip 2 (late_measure=False) ...
[09-10 13:17:28] chip 2 late=False: RuntimeError: json parse failed : Quantum computer under maintenance. Please try again later.
[09-10 13:17:28] attempt #151: probing chip 72 (late_measure=False) ...
[09-10 13:17:29] chip 72 late=False: RuntimeError: json parse failed : Quantum computer under maintenance. Please try again later.
[09-10 13:17:29] attempt #151: probing chip 5 (late_measure=False) ...
[09-10 13:17:29] chip 5 late=False: RuntimeError: json parse failed : Quantum computer under maintenance. Please try again later.
[09-10 13:17:29] all chips busy/maintenance; retry in 15 min
[09-10 13:32:29] attempt #152: probing chip 2 (late_measure=False) ...
[09-10 13:32:30] chip 2 late=False: RuntimeError: json parse failed : Quantum computer under maintenance. Please try again later.
[09-10 13:32:30] attempt #152: probing chip 72 (late_measure=False) ...
[09-10 13:32:30] chip 72 late=False: RuntimeError: json parse failed : Quantum computer under maintenance. Please try again later.
[09-10 13:32:30] attempt #152: probing chip 5 (late_measure=False) ...
[09-10 13:32:31] chip 5 late=False: RuntimeError: json parse failed : Quantum computer under maintenance. Please try again later.
[09-10 13:32:31] all chips busy/maintenance; retry in 15 min
[09-10 13:47:31] attempt #153: probing chip 2 (late_measure=False) ...
[09-10 13:47:31] chip 2 late=False: RuntimeError: json parse failed : Quantum computer under maintenance. Please try again later.
[09-10 13:47:31] attempt #153: probing chip 72 (late_measure=False) ...
[09-10 13:47:32] chip 72 late=False: RuntimeError: json parse failed : Quantum computer under maintenance. Please try again later.
[09-10 13:47:32] attempt #153: probing chip 5 (late_measure=False) ...
[09-10 13:47:32] chip 5 late=False: RuntimeError: json parse failed : Quantum computer under maintenance. Please try again later.
[09-10 13:47:32] all chips busy/maintenance; retry in 15 min
[09-10 14:02:32] attempt #154: probing chip 2 (late_measure=False) ...
[09-10 14:02:33] chip 2 late=False: RuntimeError: json parse failed : Quantum computer under maintenance. Please try again later.
[09-10 14:02:33] attempt #154: probing chip 72 (late_measure=False) ...
[09-10 14:02:33] chip 72 late=False: RuntimeError: json parse failed : Quantum computer under maintenance. Please try again later.
[09-10 14:02:33] attempt #154: probing chip 5 (late_measure=False) ...
[09-10 14:02:34] chip 5 late=False: RuntimeError: json parse failed : Quantum computer under maintenance. Please try again later.
[09-10 14:02:34] all chips busy/maintenance; retry in 15 min
[09-10 14:17:34] attempt #155: probing chip 2 (late_measure=False) ...
[09-10 14:17:34] chip 2 late=False: RuntimeError: json parse failed : Quantum computer under maintenance. Please try again later.
[09-10 14:17:34] attempt #155: probing chip 72 (late_measure=False) ...
[09-10 14:17:35] chip 72 late=False: RuntimeError: json parse failed : Quantum computer under maintenance. Please try again later.
[09-10 14:17:35] attempt #155: probing chip 5 (late_measure=False) ...
[09-10 14:17:36] chip 5 late=False: RuntimeError: json parse failed : Quantum computer under maintenance. Please try again later.
[09-10 14:17:36] all chips busy/maintenance; retry in 15 min
[09-10 14:32:36] attempt #156: probing chip 2 (late_measure=False) ...
[09-10 14:32:36] chip 2 late=False: RuntimeError: json parse failed : Quantum computer under maintenance. Please try again later.
[09-10 14:32:36] attempt #156: probing chip 72 (late_measure=False) ...
[09-10 14:32:37] chip 72 late=False: RuntimeError: json parse failed : Quantum computer under maintenance. Please try again later.
[09-10 14:32:37] attempt #156: probing chip 5 (late_measure=False) ...
[09-10 14:32:37] chip 5 late=False: RuntimeError: json parse failed : Quantum computer under maintenance. Please try again later.
[09-10 14:32:37] all chips busy/maintenance; retry in 15 min
[09-10 14:47:37] attempt #157: probing chip 2 (late_measure=False) ...
[09-10 14:47:38] chip 2 late=False: RuntimeError: json parse failed : Quantum computer under maintenance. Please try again later.
[09-10 14:47:38] attempt #157: probing chip 72 (late_measure=False) ...
[09-10 14:47:39] chip 72 late=False: RuntimeError: json parse failed : Quantum computer under maintenance. Please try again later.
[09-10 14:47:39] attempt #157: probing chip 5 (late_measure=False) ...
[09-10 14:47:39] chip 5 late=False: RuntimeError: json parse failed : Quantum computer under maintenance. Please try again later.
[09-10 14:47:39] all chips busy/maintenance; retry in 15 min
[09-10 15:02:39] attempt #158: probing chip 2 (late_measure=False) ...
[09-10 15:02:40] chip 2 late=False: RuntimeError: json parse failed : Quantum computer under maintenance. Please try again later.
[09-10 15:02:40] attempt #158: probing chip 72 (late_measure=False) ...
[09-10 15:02:41] chip 72 late=False: RuntimeError: json parse failed : Quantum computer under maintenance. Please try again later.
[09-10 15:02:41] attempt #158: probing chip 5 (late_measure=False) ...
[09-10 15:02:41] chip 5 late=False: RuntimeError: json parse failed : Quantum computer under maintenance. Please try again later.
[09-10 15:02:41] all chips busy/maintenance; retry in 15 min
[09-10 15:17:41] attempt #159: probing chip 2 (late_measure=False) ...
[09-10 15:17:42] chip 2 late=False: RuntimeError: json parse failed : Quantum computer under maintenance. Please try again later.
[09-10 15:17:42] attempt #159: probing chip 72 (late_measure=False) ...
[09-10 15:17:43] chip 72 late=False: RuntimeError: json parse failed : Quantum computer under maintenance. Please try again later.
[09-10 15:17:43] attempt #159: probing chip 5 (late_measure=False) ...
[09-10 15:17:43] chip 5 late=False: RuntimeError: json parse failed : Quantum computer under maintenance. Please try again later.
[09-10 15:17:43] all chips busy/maintenance; retry in 15 min
[09-10 15:32:43] attempt #160: probing chip 2 (late_measure=False) ...
[09-10 15:32:44] chip 2 late=False: RuntimeError: json parse failed : Quantum computer under maintenance. Please try again later.
[09-10 15:32:44] attempt #160: probing chip 72 (late_measure=False) ...
[09-10 15:32:44] chip 72 late=False: RuntimeError: json parse failed : Quantum computer under maintenance. Please try again later.
[09-10 15:32:44] attempt #160: probing chip 5 (late_measure=False) ...
[09-10 15:32:45] chip 5 late=False: RuntimeError: json parse failed : Quantum computer under maintenance. Please try again later.
[09-10 15:32:45] all chips busy/maintenance; retry in 15 min
[09-10 15:47:45] attempt #161: probing chip 2 (late_measure=False) ...
[09-10 15:47:46] chip 2 late=False: RuntimeError: json parse failed : Quantum computer under maintenance. Please try again later.
[09-10 15:47:46] attempt #161: probing chip 72 (late_measure=False) ...
[09-10 15:47:46] chip 72 late=False: RuntimeError: json parse failed : Quantum computer under maintenance. Please try again later.
[09-10 15:47:46] attempt #161: probing chip 5 (late_measure=False) ...
[09-10 15:47:47] chip 5 late=False: RuntimeError: json parse failed : Quantum computer under maintenance. Please try again later.
[09-10 15:47:47] all chips busy/maintenance; retry in 15 min
[09-10 16:02:47] attempt #162: probing chip 2 (late_measure=False) ...
[09-10 16:02:48] chip 2 late=False: RuntimeError: json parse failed : Quantum computer under maintenance. Please try again later.
[09-10 16:02:48] attempt #162: probing chip 72 (late_measure=False) ...
[09-10 16:02:48] chip 72 late=False: RuntimeError: json parse failed : Quantum computer under maintenance. Please try again later.
[09-10 16:02:48] attempt #162: probing chip 5 (late_measure=False) ...
[09-10 16:02:49] chip 5 late=False: RuntimeError: json parse failed : Quantum computer under maintenance. Please try again later.
[09-10 16:02:49] all chips busy/maintenance; retry in 15 min
[09-10 16:17:49] attempt #163: probing chip 2 (late_measure=False) ...
[09-10 16:17:50] chip 2 late=False: RuntimeError: json parse failed : Quantum computer under maintenance. Please try again later.
[09-10 16:17:50] attempt #163: probing chip 72 (late_measure=False) ...
[09-10 16:17:50] chip 72 late=False: RuntimeError: json parse failed : Quantum computer under maintenance. Please try again later.
[09-10 16:17:50] attempt #163: probing chip 5 (late_measure=False) ...
[09-10 16:17:51] chip 5 late=False: RuntimeError: json parse failed : Quantum computer under maintenance. Please try again later.
[09-10 16:17:51] all chips busy/maintenance; retry in 15 min
[09-10 16:32:51] attempt #164: probing chip 2 (late_measure=False) ...
[09-10 16:32:52] chip 2 late=False: RuntimeError: json parse failed : Quantum computer under maintenance. Please try again later.
[09-10 16:32:52] attempt #164: probing chip 72 (late_measure=False) ...
[09-10 16:32:52] chip 72 late=False: RuntimeError: json parse failed : Quantum computer under maintenance. Please try again later.
[09-10 16:32:52] attempt #164: probing chip 5 (late_measure=False) ...
[09-10 16:32:52] chip 5 late=False: RuntimeError: json parse failed : Quantum computer under maintenance. Please try again later.
[09-10 16:32:52] all chips busy/maintenance; retry in 15 min
[09-10 16:47:52] attempt #165: probing chip 2 (late_measure=False) ...
[09-10 16:47:53] chip 2 late=False: RuntimeError: json parse failed : Quantum computer under maintenance. Please try again later.
[09-10 16:47:53] attempt #165: probing chip 72 (late_measure=False) ...
[09-10 16:47:54] chip 72 late=False: RuntimeError: json parse failed : Quantum computer under maintenance. Please try again later.
[09-10 16:47:54] attempt #165: probing chip 5 (late_measure=False) ...
[09-10 16:47:54] chip 5 late=False: RuntimeError: json parse failed : Quantum computer under maintenance. Please try again later.
[09-10 16:47:54] all chips busy/maintenance; retry in 15 min
[09-10 17:02:54] attempt #166: probing chip 2 (late_measure=False) ...
[09-10 17:02:55] chip 2 late=False: RuntimeError: json parse failed : Quantum computer under maintenance. Please try again later.
[09-10 17:02:55] attempt #166: probing chip 72 (late_measure=False) ...
[09-10 17:02:55] chip 72 late=False: RuntimeError: json parse failed : Quantum computer under maintenance. Please try again later.
[09-10 17:02:55] attempt #166: probing chip 5 (late_measure=False) ...
[09-10 17:02:56] chip 5 late=False: RuntimeError: json parse failed : Quantum computer under maintenance. Please try again later.
[09-10 17:02:56] all chips busy/maintenance; retry in 15 min
[09-10 17:17:56] attempt #167: probing chip 2 (late_measure=False) ...
[09-10 17:17:56] chip 2 late=False: RuntimeError: json parse failed : Quantum computer under maintenance. Please try again later.
[09-10 17:17:56] attempt #167: probing chip 72 (late_measure=False) ...
[09-10 17:17:57] chip 72 late=False: RuntimeError: json parse failed : Quantum computer under maintenance. Please try again later.
[09-10 17:17:57] attempt #167: probing chip 5 (late_measure=False) ...
[09-10 17:17:57] chip 5 late=False: RuntimeError: json parse failed : Quantum computer under maintenance. Please try again later.
[09-10 17:17:57] all chips busy/maintenance; retry in 15 min
[09-10 17:32:57] attempt #168: probing chip 2 (late_measure=False) ...
[09-10 17:32:58] chip 2 late=False: RuntimeError: json parse failed : Quantum computer under maintenance. Please try again later.
[09-10 17:32:58] attempt #168: probing chip 72 (late_measure=False) ...
[09-10 17:32:58] chip 72 late=False: RuntimeError: json parse failed : Quantum computer under maintenance. Please try again later.
[09-10 17:32:58] attempt #168: probing chip 5 (late_measure=False) ...
[09-10 17:32:59] chip 5 late=False: RuntimeError: json parse failed : Quantum computer under maintenance. Please try again later.
[09-10 17:32:59] all chips busy/maintenance; retry in 15 min
[09-10 17:47:59] attempt #169: probing chip 2 (late_measure=False) ...
[09-10 17:47:59] chip 2 late=False: RuntimeError: json parse failed : Quantum computer under maintenance. Please try again later.
[09-10 17:47:59] attempt #169: probing chip 72 (late_measure=False) ...
[09-10 17:48:00] chip 72 late=False: RuntimeError: json parse failed : Quantum computer under maintenance. Please try again later.
[09-10 17:48:00] attempt #169: probing chip 5 (late_measure=False) ...
[09-10 17:48:01] chip 5 late=False: RuntimeError: json parse failed : Quantum computer under maintenance. Please try again later.
[09-10 17:48:01] all chips busy/maintenance; retry in 15 min
[09-10 18:03:01] attempt #170: probing chip 2 (late_measure=False) ...
[09-10 18:03:01] chip 2 late=False: RuntimeError: json parse failed : Quantum computer under maintenance. Please try again later.
[09-10 18:03:01] attempt #170: probing chip 72 (late_measure=False) ...
[09-10 18:03:02] chip 72 late=False: RuntimeError: json parse failed : Quantum computer under maintenance. Please try again later.
[09-10 18:03:02] attempt #170: probing chip 5 (late_measure=False) ...
[09-10 18:03:02] chip 5 late=False: RuntimeError: json parse failed : Quantum computer under maintenance. Please try again later.
[09-10 18:03:02] all chips busy/maintenance; retry in 15 min
[09-10 18:18:02] attempt #171: probing chip 2 (late_measure=False) ...
[09-10 18:18:03] chip 2 late=False: RuntimeError: json parse failed : Quantum computer under maintenance. Please try again later.
[09-10 18:18:03] attempt #171: probing chip 72 (late_measure=False) ...
[09-10 18:18:03] chip 72 late=False: RuntimeError: json parse failed : Quantum computer under maintenance. Please try again later.
[09-10 18:18:03] attempt #171: probing chip 5 (late_measure=False) ...
[09-10 18:18:04] chip 5 late=False: RuntimeError: json parse failed : Quantum computer under maintenance. Please try again later.
[09-10 18:18:04] all chips busy/maintenance; retry in 15 min
[09-10 18:33:04] attempt #172: probing chip 2 (late_measure=False) ...
[09-10 18:33:04] chip 2 late=False: RuntimeError: json parse failed : Quantum computer under maintenance. Please try again later.
[09-10 18:33:04] attempt #172: probing chip 72 (late_measure=False) ...
[09-10 18:33:05] chip 72 late=False: RuntimeError: json parse failed : Quantum computer under maintenance. Please try again later.
[09-10 18:33:05] attempt #172: probing chip 5 (late_measure=False) ...
[09-10 18:33:05] chip 5 late=False: RuntimeError: json parse failed : Quantum computer under maintenance. Please try again later.
[09-10 18:33:05] all chips busy/maintenance; retry in 15 min
[09-10 18:48:05] attempt #173: probing chip 2 (late_measure=False) ...
[09-10 18:48:06] chip 2 late=False: RuntimeError: json parse failed : Quantum computer under maintenance. Please try again later.
[09-10 18:48:06] attempt #173: probing chip 72 (late_measure=False) ...
[09-10 18:48:06] chip 72 late=False: RuntimeError: json parse failed : Quantum computer under maintenance. Please try again later.
[09-10 18:48:06] attempt #173: probing chip 5 (late_measure=False) ...
[09-10 18:48:07] chip 5 late=False: RuntimeError: json parse failed : Quantum computer under maintenance. Please try again later.
[09-10 18:48:07] all chips busy/maintenance; retry in 15 min
[09-10 19:03:07] attempt #174: probing chip 2 (late_measure=False) ...
[09-10 19:03:08] chip 2 late=False: RuntimeError: json parse failed : Quantum computer under maintenance. Please try again later.
[09-10 19:03:08] attempt #174: probing chip 72 (late_measure=False) ...
[09-10 19:03:08] chip 72 late=False: RuntimeError: json parse failed : Quantum computer under maintenance. Please try again later.
[09-10 19:03:08] attempt #174: probing chip 5 (late_measure=False) ...
[09-10 19:03:09] chip 5 late=False: RuntimeError: json parse failed : Quantum computer under maintenance. Please try again later.
[09-10 19:03:09] all chips busy/maintenance; retry in 15 min
[09-10 19:18:09] attempt #175: probing chip 2 (late_measure=False) ...
[09-10 19:18:09] chip 2 late=False: RuntimeError: json parse failed : Quantum computer under maintenance. Please try again later.
[09-10 19:18:09] attempt #175: probing chip 72 (late_measure=False) ...
[09-10 19:18:10] chip 72 late=False: RuntimeError: json parse failed : Quantum computer under maintenance. Please try again later.
[09-10 19:18:10] attempt #175: probing chip 5 (late_measure=False) ...
[09-10 19:18:10] chip 5 late=False: RuntimeError: json parse failed : Quantum computer under maintenance. Please try again later.
[09-10 19:18:10] all chips busy/maintenance; retry in 15 min
[09-10 19:33:10] attempt #176: probing chip 2 (late_measure=False) ...
[09-10 19:33:11] chip 2 late=False: RuntimeError: json parse failed : Quantum computer under maintenance. Please try again later.
[09-10 19:33:11] attempt #176: probing chip 72 (late_measure=False) ...
[09-10 19:33:11] chip 72 late=False: RuntimeError: json parse failed : Quantum computer under maintenance. Please try again later.
[09-10 19:33:11] attempt #176: probing chip 5 (late_measure=False) ...
[09-10 19:33:12] chip 5 late=False: RuntimeError: json parse failed : Quantum computer under maintenance. Please try again later.
[09-10 19:33:12] all chips busy/maintenance; retry in 15 min
[09-10 19:48:12] attempt #177: probing chip 2 (late_measure=False) ...
[09-10 19:48:12] chip 2 late=False: RuntimeError: json parse failed : Quantum computer under maintenance. Please try again later.
[09-10 19:48:12] attempt #177: probing chip 72 (late_measure=False) ...
[09-10 19:48:13] chip 72 late=False: RuntimeError: json parse failed : Quantum computer under maintenance. Please try again later.
[09-10 19:48:13] attempt #177: probing chip 5 (late_measure=False) ...
[09-10 19:48:13] chip 5 late=False: RuntimeError: json parse failed : Quantum computer under maintenance. Please try again later.
[09-10 19:48:13] all chips busy/maintenance; retry in 15 min
[09-10 20:03:13] attempt #178: probing chip 2 (late_measure=False) ...
[09-10 20:03:14] chip 2 late=False: RuntimeError: json parse failed : Quantum computer under maintenance. Please try again later.
[09-10 20:03:14] attempt #178: probing chip 72 (late_measure=False) ...
[09-10 20:03:14] chip 72 late=False: RuntimeError: json parse failed : Quantum computer under maintenance. Please try again later.
[09-10 20:03:14] attempt #178: probing chip 5 (late_measure=False) ...
[09-10 20:03:15] chip 5 late=False: RuntimeError: json parse failed : Quantum computer under maintenance. Please try again later.
[09-10 20:03:15] all chips busy/maintenance; retry in 15 min
[09-10 20:18:15] attempt #179: probing chip 2 (late_measure=False) ...
[09-10 20:18:15] chip 2 late=False: RuntimeError: json parse failed : Quantum computer under maintenance. Please try again later.
[09-10 20:18:15] attempt #179: probing chip 72 (late_measure=False) ...
[09-10 20:18:16] chip 72 late=False: RuntimeError: json parse failed : Quantum computer under maintenance. Please try again later.
[09-10 20:18:16] attempt #179: probing chip 5 (late_measure=False) ...
[09-10 20:18:17] chip 5 late=False: RuntimeError: json parse failed : Quantum computer under maintenance. Please try again later.
[09-10 20:18:17] all chips busy/maintenance; retry in 15 min
[09-10 20:33:17] attempt #180: probing chip 2 (late_measure=False) ...
[09-10 20:33:17] chip 2 late=False: RuntimeError: json parse failed : Quantum computer under maintenance. Please try again later.
[09-10 20:33:17] attempt #180: probing chip 72 (late_measure=False) ...
[09-10 20:33:18] chip 72 late=False: RuntimeError: json parse failed : Quantum computer under maintenance. Please try again later.
[09-10 20:33:18] attempt #180: probing chip 5 (late_measure=False) ...
[09-10 20:33:19] chip 5 late=False: RuntimeError: json parse failed : Quantum computer under maintenance. Please try again later.
[09-10 20:33:19] all chips busy/maintenance; retry in 15 min
[09-10 20:48:19] attempt #181: probing chip 2 (late_measure=False) ...
[09-10 20:48:19] chip 2 late=False: RuntimeError: json parse failed : Quantum computer under maintenance. Please try again later.
[09-10 20:48:19] attempt #181: probing chip 72 (late_measure=False) ...
[09-10 20:48:20] chip 72 late=False: RuntimeError: json parse failed : Quantum computer under maintenance. Please try again later.
[09-10 20:48:20] attempt #181: probing chip 5 (late_measure=False) ...
[09-10 20:48:20] chip 5 late=False: RuntimeError: json parse failed : Quantum computer under maintenance. Please try again later.
[09-10 20:48:20] all chips busy/maintenance; retry in 15 min
[09-10 21:03:20] attempt #182: probing chip 2 (late_measure=False) ...
[09-10 21:03:21] chip 2 late=False: RuntimeError: json parse failed : Quantum computer under maintenance. Please try again later.
[09-10 21:03:21] attempt #182: probing chip 72 (late_measure=False) ...
[09-10 21:03:21] chip 72 late=False: RuntimeError: json parse failed : Quantum computer under maintenance. Please try again later.
[09-10 21:03:21] attempt #182: probing chip 5 (late_measure=False) ...
[09-10 21:03:22] chip 5 late=False: RuntimeError: json parse failed : Quantum computer under maintenance. Please try again later.
[09-10 21:03:22] all chips busy/maintenance; retry in 15 min
[09-10 21:18:22] attempt #183: probing chip 2 (late_measure=False) ...
[09-10 21:18:23] chip 2 late=False: RuntimeError: json parse failed : Quantum computer under maintenance. Please try again later.
[09-10 21:18:23] attempt #183: probing chip 72 (late_measure=False) ...
[09-10 21:18:23] chip 72 late=False: RuntimeError: json parse failed : Quantum computer under maintenance. Please try again later.
[09-10 21:18:23] attempt #183: probing chip 5 (late_measure=False) ...
[09-10 21:18:24] chip 5 late=False: RuntimeError: json parse failed : Quantum computer under maintenance. Please try again later.
[09-10 21:18:24] all chips busy/maintenance; retry in 15 min
[09-10 21:33:24] attempt #184: probing chip 2 (late_measure=False) ...
[09-10 21:33:24] chip 2 late=False: RuntimeError: json parse failed : Quantum computer under maintenance. Please try again later.
[09-10 21:33:24] attempt #184: probing chip 72 (late_measure=False) ...
[09-10 21:33:25] chip 72 late=False: RuntimeError: json parse failed : Quantum computer under maintenance. Please try again later.
[09-10 21:33:25] attempt #184: probing chip 5 (late_measure=False) ...
[09-10 21:33:25] chip 5 late=False: RuntimeError: json parse failed : Quantum computer under maintenance. Please try again later.
[09-10 21:33:25] all chips busy/maintenance; retry in 15 min
[09-10 21:48:25] attempt #185: probing chip 2 (late_measure=False) ...
[09-10 21:48:26] chip 2 late=False: RuntimeError: json parse failed : Quantum computer under maintenance. Please try again later.
[09-10 21:48:26] attempt #185: probing chip 72 (late_measure=False) ...
[09-10 21:48:26] chip 72 late=False: RuntimeError: json parse failed : Quantum computer under maintenance. Please try again later.
[09-10 21:48:26] attempt #185: probing chip 5 (late_measure=False) ...
[09-10 21:48:27] chip 5 late=False: RuntimeError: json parse failed : Quantum computer under maintenance. Please try again later.
[09-10 21:48:27] all chips busy/maintenance; retry in 15 min
[09-10 22:03:27] attempt #186: probing chip 2 (late_measure=False) ...
[09-10 22:03:27] chip 2 late=False: RuntimeError: json parse failed : Quantum computer under maintenance. Please try again later.
[09-10 22:03:27] attempt #186: probing chip 72 (late_measure=False) ...
[09-10 22:03:28] chip 72 late=False: RuntimeError: json parse failed : Quantum computer under maintenance. Please try again later.
[09-10 22:03:28] attempt #186: probing chip 5 (late_measure=False) ...
[09-10 22:03:28] chip 5 late=False: RuntimeError: json parse failed : Quantum computer under maintenance. Please try again later.
[09-10 22:03:28] all chips busy/maintenance; retry in 15 min
